date,village,state,latitude,longitude,rainfall_mm,days_since_last_rain,turbidity_ntu,ph_level,dissolved_oxygen_mgL,bacterial_count_cfu,reported_symptom_cases,population_at_risk,outbreak_risk_probability,outbreak_next_7days
2026-01-01,Majuli,Assam,26.95,94.17,3.75,0,2.15,7.19,6.83,97.5,1,321,0.217,0
2026-01-02,Majuli,Assam,26.95,94.17,0.06,1,2.16,7.01,5.99,51.3,2,1597,0.226,0
2026-01-03,Majuli,Assam,26.95,94.17,23.79,0,5.18,6.82,5.78,147.0,0,1321,0.366,0
2026-01-04,Majuli,Assam,26.95,94.17,5.87,0,5.37,6.2,6.74,115.1,0,2643,0.258,0
2026-01-05,Majuli,Assam,26.95,94.17,14.89,0,6.02,7.99,7.05,100.7,2,2995,0.348,0
2026-01-06,Majuli,Assam,26.95,94.17,0.04,1,1.27,7.35,7.57,87.0,0,2482,0.213,0
2026-01-07,Majuli,Assam,26.95,94.17,15.18,0,3.73,6.93,8.26,46.1,2,1784,0.351,0
2026-01-08,Majuli,Assam,26.95,94.17,1.8,1,4.85,6.96,7.65,142.6,1,2119,0.239,0
2026-01-09,Majuli,Assam,26.95,94.17,21.24,0,7.13,7.69,6.81,116.5,2,2975,0.508,1
2026-01-10,Majuli,Assam,26.95,94.17,3.48,0,1.42,6.48,5.89,22.1,2,1795,0.44,0
2026-01-11,Majuli,Assam,26.95,94.17,9.71,0,5.49,6.96,4.2,93.1,1,1961,0.324,0
2026-01-12,Majuli,Assam,26.95,94.17,1.25,1,3.61,7.2,6.49,101.9,2,908,0.189,0
2026-01-13,Majuli,Assam,26.95,94.17,1.31,2,8.0,7.05,6.0,139.7,2,2898,0.286,0
2026-01-14,Majuli,Assam,26.95,94.17,22.08,0,7.44,6.77,5.44,98.8,4,2356,0.653,1
2026-01-15,Majuli,Assam,26.95,94.17,2.62,0,5.89,7.28,6.16,129.1,6,460,0.496,1
2026-01-16,Majuli,Assam,26.95,94.17,0.15,1,3.98,6.2,6.47,122.2,2,2577,0.218,0
2026-01-17,Majuli,Assam,26.95,94.17,4.0,0,4.95,7.5,6.52,133.2,2,1543,0.243,0
2026-01-18,Majuli,Assam,26.95,94.17,5.08,0,5.47,7.36,6.08,112.0,2,427,0.216,0
2026-01-19,Majuli,Assam,26.95,94.17,3.73,0,6.57,6.8,7.26,70.1,1,2005,0.305,0
2026-01-20,Majuli,Assam,26.95,94.17,13.26,0,8.88,7.18,6.81,121.8,5,2282,0.672,1
2026-01-21,Majuli,Assam,26.95,94.17,0.29,1,8.66,5.88,7.32,70.9,0,2791,0.249,0
2026-01-22,Majuli,Assam,26.95,94.17,3.16,0,6.49,6.68,7.43,100.5,2,669,0.348,0
2026-01-23,Majuli,Assam,26.95,94.17,5.81,0,6.68,6.62,5.97,53.3,0,1381,0.228,0
2026-01-24,Majuli,Assam,26.95,94.17,19.74,0,9.3,6.07,6.09,129.9,3,453,0.662,1
2026-01-25,Majuli,Assam,26.95,94.17,3.52,0,3.88,8.12,6.48,53.0,1,2789,0.343,0
2026-01-26,Majuli,Assam,26.95,94.17,5.56,0,1.68,8.16,7.0,80.5,6,584,0.532,1
2026-01-27,Majuli,Assam,26.95,94.17,0.58,1,4.62,6.63,6.25,72.2,1,712,0.258,0
2026-01-28,Majuli,Assam,26.95,94.17,0.32,2,6.94,7.27,6.41,39.0,3,1848,0.376,0
2026-01-29,Majuli,Assam,26.95,94.17,10.77,0,3.82,6.19,6.11,178.2,1,1150,0.341,0
2026-01-30,Majuli,Assam,26.95,94.17,5.43,0,4.29,7.67,9.07,74.1,3,1491,0.371,0
2026-01-31,Majuli,Assam,26.95,94.17,0.6,1,5.18,7.52,7.89,77.1,4,1543,0.322,0
2026-02-01,Majuli,Assam,26.95,94.17,6.78,0,4.67,7.51,7.42,104.0,2,1228,0.357,0
2026-02-02,Majuli,Assam,26.95,94.17,2.02,0,4.34,7.59,7.07,86.4,3,967,0.32,0
2026-02-03,Majuli,Assam,26.95,94.17,3.27,0,6.28,7.28,5.25,59.7,1,1524,0.246,0
2026-02-04,Majuli,Assam,26.95,94.17,2.96,0,5.44,7.58,7.39,137.8,3,523,0.404,0
2026-02-05,Majuli,Assam,26.95,94.17,33.75,0,6.44,7.82,5.69,136.1,1,810,0.567,1
2026-02-06,Majuli,Assam,26.95,94.17,2.56,0,4.27,7.03,5.96,102.8,1,973,0.249,0
2026-02-07,Majuli,Assam,26.95,94.17,5.17,0,3.02,6.69,7.57,57.3,5,2317,0.566,1
2026-02-08,Majuli,Assam,26.95,94.17,3.42,0,7.35,7.04,8.45,67.4,2,2206,0.394,0
2026-02-09,Majuli,Assam,26.95,94.17,6.16,0,1.73,8.41,5.18,112.2,1,1328,0.26,0
2026-02-10,Majuli,Assam,26.95,94.17,3.39,0,3.87,6.95,8.52,152.4,2,1379,0.376,0
2026-02-11,Majuli,Assam,26.95,94.17,16.55,0,5.26,7.51,5.76,70.0,1,825,0.399,0
2026-02-12,Majuli,Assam,26.95,94.17,1.28,1,4.93,6.53,7.07,109.0,0,1362,0.147,0
2026-02-13,Majuli,Assam,26.95,94.17,3.11,0,5.46,6.61,5.2,144.3,2,2772,0.341,0
2026-02-14,Majuli,Assam,26.95,94.17,3.29,0,4.78,7.5,6.49,39.1,2,2170,0.33,0
2026-02-15,Majuli,Assam,26.95,94.17,13.59,0,5.65,6.57,5.86,111.0,2,2110,0.408,0
2026-02-16,Majuli,Assam,26.95,94.17,1.78,1,4.61,8.03,7.68,109.8,0,1973,0.305,0
2026-02-17,Majuli,Assam,26.95,94.17,36.81,0,3.79,7.6,5.81,105.4,3,675,0.603,1
2026-02-18,Majuli,Assam,26.95,94.17,37.62,0,6.75,6.25,6.72,114.6,0,900,0.618,1
2026-02-19,Majuli,Assam,26.95,94.17,16.78,0,6.16,7.72,6.01,38.2,2,2297,0.404,0
2026-02-20,Majuli,Assam,26.95,94.17,0.55,1,4.54,6.08,4.26,63.4,2,816,0.294,0
2026-02-21,Majuli,Assam,26.95,94.17,16.75,0,3.86,7.62,5.89,72.8,1,2134,0.32,0
2026-02-22,Majuli,Assam,26.95,94.17,7.31,0,2.38,6.59,4.48,50.9,2,655,0.354,0
2026-02-23,Majuli,Assam,26.95,94.17,20.08,0,9.14,7.72,7.31,104.2,0,1936,0.468,1
2026-02-24,Majuli,Assam,26.95,94.17,33.51,0,12.43,7.31,5.79,145.4,2,2987,0.828,1
2026-02-25,Majuli,Assam,26.95,94.17,2.04,0,2.57,6.32,6.32,70.3,3,1792,0.262,0
2026-02-26,Majuli,Assam,26.95,94.17,5.79,0,4.51,7.26,7.83,91.3,1,2379,0.331,0
2026-02-27,Majuli,Assam,26.95,94.17,5.05,0,3.85,6.14,8.26,89.9,2,354,0.375,0
2026-02-28,Majuli,Assam,26.95,94.17,23.37,0,3.52,6.53,5.17,130.7,0,2790,0.343,0
2026-03-01,Majuli,Assam,26.95,94.17,5.63,0,3.11,5.97,7.71,103.7,8,629,0.626,1
2026-03-02,Majuli,Assam,26.95,94.17,0.72,1,4.72,6.25,7.61,82.2,2,1376,0.32,0
2026-03-03,Majuli,Assam,26.95,94.17,2.79,0,0.5,7.58,6.46,43.9,0,2081,0.281,0
2026-03-04,Majuli,Assam,26.95,94.17,8.29,0,2.74,6.87,6.86,90.6,4,641,0.504,1
2026-03-05,Majuli,Assam,26.95,94.17,1.18,1,4.08,7.97,8.38,52.5,3,2145,0.334,0
2026-03-06,Majuli,Assam,26.95,94.17,10.72,0,5.45,6.55,5.77,51.4,1,1612,0.326,0
2026-03-07,Majuli,Assam,26.95,94.17,2.52,0,4.61,6.26,6.67,94.0,2,360,0.303,0
2026-03-08,Majuli,Assam,26.95,94.17,9.33,0,1.82,6.76,7.1,80.5,2,311,0.33,0
2026-03-09,Majuli,Assam,26.95,94.17,6.25,0,5.87,7.23,7.23,113.7,3,1077,0.429,0
2026-03-10,Majuli,Assam,26.95,94.17,7.1,0,0.8,6.83,6.93,38.8,1,914,0.339,0
2026-03-11,Majuli,Assam,26.95,94.17,0.3,1,0.5,6.16,7.1,22.7,1,315,0.285,0
2026-03-12,Majuli,Assam,26.95,94.17,4.45,0,4.01,7.6,6.81,81.5,0,2071,0.356,0
2026-03-13,Majuli,Assam,26.95,94.17,33.12,0,6.01,6.73,8.24,145.5,1,2281,0.52,1
2026-03-14,Majuli,Assam,26.95,94.17,7.12,0,5.63,6.85,5.36,86.8,3,1633,0.43,0
2026-03-15,Majuli,Assam,26.95,94.17,7.49,0,4.09,6.06,6.59,67.2,2,1343,0.311,0
2026-03-16,Majuli,Assam,26.95,94.17,42.24,0,7.48,6.3,7.46,141.3,1,1590,0.766,1
2026-03-17,Majuli,Assam,26.95,94.17,16.79,0,9.27,6.63,6.03,132.7,2,1499,0.552,1
2026-03-18,Majuli,Assam,26.95,94.17,5.48,0,3.51,7.13,6.48,113.8,3,2016,0.382,0
2026-03-19,Majuli,Assam,26.95,94.17,9.12,0,5.93,7.83,7.28,92.4,2,1547,0.385,0
2026-03-20,Majuli,Assam,26.95,94.17,0.7,1,5.38,5.86,6.16,66.5,0,1293,0.202,0
2026-03-21,Majuli,Assam,26.95,94.17,3.35,0,3.67,7.36,6.72,66.0,2,2653,0.296,0
2026-03-22,Majuli,Assam,26.95,94.17,36.96,0,6.52,8.15,7.82,153.9,1,815,0.625,1
2026-03-23,Majuli,Assam,26.95,94.17,4.44,0,1.99,6.26,6.29,85.4,1,1288,0.316,0
2026-03-24,Majuli,Assam,26.95,94.17,23.0,0,9.99,6.36,4.67,109.2,3,1594,0.609,1
2026-03-25,Majuli,Assam,26.95,94.17,5.1,0,7.4,6.27,6.69,104.4,1,826,0.273,0
2026-03-26,Majuli,Assam,26.95,94.17,5.25,0,3.17,8.08,6.45,32.5,0,573,0.231,0
2026-03-27,Majuli,Assam,26.95,94.17,9.13,0,4.86,7.2,6.41,116.0,5,1633,0.537,1
2026-03-28,Majuli,Assam,26.95,94.17,7.7,0,5.82,8.07,5.45,97.7,1,2009,0.334,0
2026-03-29,Majuli,Assam,26.95,94.17,9.45,0,2.82,7.21,6.66,123.6,4,1194,0.497,1
2026-03-30,Majuli,Assam,26.95,94.17,8.25,0,8.3,7.12,5.72,101.9,3,961,0.547,1
2026-03-31,Majuli,Assam,26.95,94.17,3.23,0,5.2,6.71,10.0,86.3,1,2048,0.211,0
2026-04-01,Majuli,Assam,26.95,94.17,10.39,0,4.07,7.94,5.03,38.7,1,1569,0.355,0
2026-04-02,Majuli,Assam,26.95,94.17,3.56,0,1.2,6.6,3.76,44.9,3,852,0.364,0
2026-04-03,Majuli,Assam,26.95,94.17,2.27,0,3.91,7.64,3.82,88.4,1,600,0.224,0
2026-04-04,Majuli,Assam,26.95,94.17,2.16,0,4.91,7.26,6.14,31.7,2,1607,0.241,0
2026-04-05,Majuli,Assam,26.95,94.17,0.3,1,5.72,7.73,7.96,93.1,3,1343,0.314,0
2026-04-06,Majuli,Assam,26.95,94.17,0.42,2,2.67,6.26,7.26,77.1,2,516,0.192,0
2026-04-07,Majuli,Assam,26.95,94.17,8.15,0,4.55,7.65,3.98,174.5,1,1191,0.349,0
2026-04-08,Majuli,Assam,26.95,94.17,8.95,0,2.82,6.63,8.8,66.8,5,2163,0.489,1
2026-04-09,Majuli,Assam,26.95,94.17,12.7,0,5.63,7.45,7.51,149.5,1,793,0.313,0
2026-04-10,Majuli,Assam,26.95,94.17,20.79,0,5.43,7.54,6.33,82.5,2,2952,0.504,1
2026-04-11,Majuli,Assam,26.95,94.17,4.76,0,3.2,6.21,8.47,105.9,2,603,0.254,0
2026-04-12,Majuli,Assam,26.95,94.17,6.94,0,1.63,8.4,7.37,83.4,2,2138,0.38,0
2026-04-13,Majuli,Assam,26.95,94.17,0.59,1,4.32,7.23,5.04,70.1,1,1971,0.21,0
2026-04-14,Majuli,Assam,26.95,94.17,2.98,0,5.84,7.91,7.43,78.6,0,2506,0.162,0
2026-04-15,Majuli,Assam,26.95,94.17,9.88,0,5.31,6.44,8.18,90.2,1,1960,0.243,0
2026-04-16,Majuli,Assam,26.95,94.17,18.91,0,9.39,7.19,8.31,99.4,5,1549,0.64,1
2026-04-17,Majuli,Assam,26.95,94.17,5.12,0,1.89,7.09,5.22,42.9,1,562,0.231,0
2026-04-18,Majuli,Assam,26.95,94.17,9.5,0,3.57,6.14,4.2,107.8,1,1490,0.367,0
2026-04-19,Majuli,Assam,26.95,94.17,11.85,0,6.8,6.21,4.54,151.9,1,2035,0.312,0
2026-04-20,Majuli,Assam,26.95,94.17,8.42,0,6.49,5.8,6.95,138.7,4,2800,0.438,0
2026-04-21,Majuli,Assam,26.95,94.17,1.54,1,2.17,7.38,5.4,69.8,2,585,0.257,0
2026-04-22,Majuli,Assam,26.95,94.17,5.89,0,6.15,6.55,6.77,83.4,3,640,0.405,0
2026-04-23,Majuli,Assam,26.95,94.17,3.4,0,4.46,6.03,5.84,110.1,2,1993,0.416,0
2026-04-24,Majuli,Assam,26.95,94.17,10.22,0,6.38,6.78,5.96,84.7,0,2111,0.34,0
2026-04-25,Majuli,Assam,26.95,94.17,6.81,0,4.93,7.43,4.14,82.9,1,1903,0.324,0
2026-04-26,Majuli,Assam,26.95,94.17,0.67,1,0.5,6.75,6.86,73.7,3,1383,0.289,0
2026-04-27,Majuli,Assam,26.95,94.17,3.63,0,6.65,5.79,5.82,85.2,3,2610,0.372,0
2026-04-28,Majuli,Assam,26.95,94.17,9.43,0,6.65,7.01,5.63,57.2,3,2439,0.465,1
2026-04-29,Majuli,Assam,26.95,94.17,5.26,0,3.71,6.3,6.22,48.3,3,2742,0.288,0
2026-04-30,Majuli,Assam,26.95,94.17,4.85,0,2.96,6.28,6.45,108.7,2,2376,0.267,0
2026-05-01,Majuli,Assam,26.95,94.17,2.62,0,4.09,7.09,7.21,98.0,2,1331,0.271,0
2026-05-02,Majuli,Assam,26.95,94.17,0.34,1,4.55,7.14,5.95,62.3,1,1584,0.268,0
2026-05-03,Majuli,Assam,26.95,94.17,6.38,0,3.04,6.91,7.64,75.4,3,1940,0.304,0
2026-05-04,Majuli,Assam,26.95,94.17,8.26,0,3.07,6.65,6.55,118.2,3,2150,0.463,1
2026-05-05,Majuli,Assam,26.95,94.17,6.39,0,2.41,6.78,6.88,64.3,2,2227,0.414,0
2026-05-06,Majuli,Assam,26.95,94.17,11.03,0,6.48,6.22,6.78,97.4,2,1786,0.392,0
2026-05-07,Majuli,Assam,26.95,94.17,5.64,0,5.55,7.43,9.26,126.7,2,2476,0.31,0
2026-05-08,Majuli,Assam,26.95,94.17,10.83,0,5.04,6.79,7.23,97.7,3,2581,0.384,0
2026-05-09,Majuli,Assam,26.95,94.17,11.45,0,2.25,6.34,5.95,43.4,4,1380,0.388,0
2026-05-10,Majuli,Assam,26.95,94.17,3.92,0,6.92,7.59,6.19,159.1,0,2883,0.268,0
2026-05-11,Majuli,Assam,26.95,94.17,9.03,0,3.65,7.5,6.49,118.6,0,1167,0.291,0
2026-05-12,Majuli,Assam,26.95,94.17,5.83,0,6.49,6.31,6.27,80.4,0,1583,0.179,0
2026-05-13,Majuli,Assam,26.95,94.17,5.48,0,5.64,6.43,6.86,53.8,2,880,0.307,0
2026-05-14,Majuli,Assam,26.95,94.17,14.76,0,6.53,7.31,5.86,67.2,0,940,0.193,0
2026-05-15,Majuli,Assam,26.95,94.17,12.12,0,4.28,6.79,7.37,79.0,1,1205,0.358,0
2026-05-16,Majuli,Assam,26.95,94.17,2.54,0,2.87,6.82,8.38,57.2,0,2986,0.202,0
2026-05-17,Majuli,Assam,26.95,94.17,2.16,0,4.92,8.01,7.89,78.0,4,2231,0.402,0
2026-05-18,Majuli,Assam,26.95,94.17,3.44,0,4.08,6.56,5.53,88.7,1,476,0.308,0
2026-05-19,Majuli,Assam,26.95,94.17,6.27,0,4.46,6.5,4.98,84.0,4,910,0.477,1
2026-05-20,Majuli,Assam,26.95,94.17,0.43,1,4.16,6.62,7.22,62.0,2,2405,0.219,0
2026-05-21,Majuli,Assam,26.95,94.17,11.11,0,8.77,8.21,6.18,99.2,1,2615,0.377,0
2026-05-22,Majuli,Assam,26.95,94.17,5.93,0,4.07,7.55,5.7,138.7,4,339,0.46,1
2026-05-23,Majuli,Assam,26.95,94.17,5.66,0,3.71,7.05,8.13,55.9,5,1223,0.388,0
2026-05-24,Majuli,Assam,26.95,94.17,17.09,0,8.06,6.29,6.19,115.4,3,1718,0.551,1
2026-05-25,Majuli,Assam,26.95,94.17,18.53,0,3.2,7.65,7.38,58.6,2,2893,0.405,0
2026-05-26,Majuli,Assam,26.95,94.17,3.42,0,7.62,7.97,6.11,147.5,4,1235,0.55,1
2026-05-27,Majuli,Assam,26.95,94.17,0.03,1,2.16,7.3,7.54,55.9,1,850,0.222,0
2026-05-28,Majuli,Assam,26.95,94.17,13.18,0,5.76,7.52,6.92,49.2,1,1830,0.282,0
2026-05-29,Majuli,Assam,26.95,94.17,4.39,0,4.0,7.25,5.98,104.5,3,2812,0.353,0
2026-05-30,Majuli,Assam,26.95,94.17,2.22,0,7.9,6.99,6.14,137.2,1,367,0.216,0
2026-05-31,Majuli,Assam,26.95,94.17,16.78,0,4.96,7.48,7.17,157.3,2,2344,0.408,0
2026-06-01,Majuli,Assam,26.95,94.17,17.88,0,2.74,6.33,6.37,42.4,2,1071,0.406,0
2026-06-02,Majuli,Assam,26.95,94.17,11.65,0,9.51,6.89,6.65,142.6,3,1747,0.52,1
2026-06-03,Majuli,Assam,26.95,94.17,15.23,0,1.39,6.23,3.34,90.0,1,1003,0.478,1
2026-06-04,Majuli,Assam,26.95,94.17,17.25,0,6.48,6.89,5.57,96.0,1,318,0.362,0
2026-06-05,Majuli,Assam,26.95,94.17,12.7,0,2.24,7.16,7.11,20.5,3,2778,0.454,1
2026-06-06,Majuli,Assam,26.95,94.17,1.47,1,7.37,7.54,6.18,82.2,2,2093,0.304,0
2026-06-07,Majuli,Assam,26.95,94.17,26.5,0,5.35,6.35,8.19,89.8,5,2643,0.669,1
2026-06-08,Majuli,Assam,26.95,94.17,41.16,0,8.75,8.14,5.5,116.9,3,2767,0.849,1
2026-06-09,Majuli,Assam,26.95,94.17,26.82,0,6.01,6.43,5.19,90.1,5,2787,0.757,1
2026-06-10,Majuli,Assam,26.95,94.17,4.35,0,3.63,7.08,6.77,15.5,1,1763,0.252,0
2026-06-11,Majuli,Assam,26.95,94.17,106.22,0,17.02,8.13,5.95,184.7,3,2337,0.904,1
2026-06-12,Majuli,Assam,26.95,94.17,62.37,0,6.7,6.13,5.49,90.3,1,1096,0.823,1
2026-06-13,Majuli,Assam,26.95,94.17,8.17,0,5.13,6.94,7.04,43.9,1,1739,0.223,0
2026-06-14,Majuli,Assam,26.95,94.17,29.63,0,7.02,6.21,5.16,128.6,2,2451,0.645,1
2026-06-15,Majuli,Assam,26.95,94.17,9.46,0,6.66,6.89,8.23,82.4,3,2742,0.447,0
2026-06-16,Majuli,Assam,26.95,94.17,19.13,0,6.24,6.76,5.87,98.8,3,2246,0.421,0
2026-06-17,Majuli,Assam,26.95,94.17,17.18,0,9.59,8.63,6.18,162.5,3,1180,0.625,1
2026-06-18,Majuli,Assam,26.95,94.17,8.51,0,3.29,6.35,7.56,100.0,1,318,0.369,0
2026-06-19,Majuli,Assam,26.95,94.17,5.37,0,4.82,7.73,4.77,94.0,1,1398,0.281,0
2026-06-20,Majuli,Assam,26.95,94.17,10.3,0,5.24,6.92,6.54,110.2,1,2458,0.292,0
2026-06-21,Majuli,Assam,26.95,94.17,5.69,0,3.15,6.83,7.73,51.5,1,1376,0.236,0
2026-06-22,Majuli,Assam,26.95,94.17,12.91,0,3.89,7.35,7.31,93.3,3,2607,0.444,0
2026-06-23,Majuli,Assam,26.95,94.17,3.7,0,0.89,6.56,7.57,2.1,0,2039,0.215,0
2026-06-24,Majuli,Assam,26.95,94.17,12.36,0,6.65,7.56,7.56,109.5,2,1775,0.473,1
2026-06-25,Majuli,Assam,26.95,94.17,37.33,0,8.11,6.9,7.63,108.1,1,322,0.679,1
2026-06-26,Majuli,Assam,26.95,94.17,7.04,0,4.37,7.12,5.71,73.1,3,1678,0.403,0
2026-06-27,Majuli,Assam,26.95,94.17,14.69,0,4.85,6.67,5.04,73.6,4,1496,0.477,1
2026-06-28,Majuli,Assam,26.95,94.17,0.88,1,5.43,6.9,6.95,75.8,1,2396,0.22,0
2026-06-29,Majuli,Assam,26.95,94.17,2.84,0,3.66,5.95,6.64,33.5,0,2458,0.17,0
2026-01-01,Shillong Rural,Meghalaya,25.57,91.88,3.21,0,3.81,7.27,7.24,91.5,0,2295,0.187,0
2026-01-02,Shillong Rural,Meghalaya,25.57,91.88,1.07,1,3.44,6.86,6.73,106.9,2,2902,0.206,0
2026-01-03,Shillong Rural,Meghalaya,25.57,91.88,8.7,0,6.93,7.08,7.12,163.7,3,815,0.432,0
2026-01-04,Shillong Rural,Meghalaya,25.57,91.88,25.32,0,5.65,7.01,6.78,57.4,1,2803,0.417,0
2026-01-05,Shillong Rural,Meghalaya,25.57,91.88,8.08,0,7.97,6.39,5.53,76.0,2,1889,0.377,0
2026-01-06,Shillong Rural,Meghalaya,25.57,91.88,4.3,0,8.61,7.62,5.56,132.5,5,2678,0.542,1
2026-01-07,Shillong Rural,Meghalaya,25.57,91.88,12.61,0,4.4,7.35,4.58,99.1,2,2319,0.363,0
2026-01-08,Shillong Rural,Meghalaya,25.57,91.88,2.27,0,1.74,7.84,7.91,70.9,2,1936,0.232,0
2026-01-09,Shillong Rural,Meghalaya,25.57,91.88,3.79,0,7.11,7.14,6.57,67.2,2,626,0.512,1
2026-01-10,Shillong Rural,Meghalaya,25.57,91.88,3.72,0,1.45,7.85,5.78,5.6,2,2200,0.355,0
2026-01-11,Shillong Rural,Meghalaya,25.57,91.88,29.31,0,5.32,7.45,5.2,113.8,3,2501,0.637,1
2026-01-12,Shillong Rural,Meghalaya,25.57,91.88,17.85,0,5.48,7.85,6.01,83.0,1,774,0.227,0
2026-01-13,Shillong Rural,Meghalaya,25.57,91.88,0.57,1,4.08,7.43,8.02,71.6,4,553,0.304,0
2026-01-14,Shillong Rural,Meghalaya,25.57,91.88,6.33,0,4.47,8.45,7.53,80.6,2,511,0.32,0
2026-01-15,Shillong Rural,Meghalaya,25.57,91.88,2.1,0,6.64,7.49,6.2,137.2,1,571,0.353,0
2026-01-16,Shillong Rural,Meghalaya,25.57,91.88,0.65,1,0.63,8.08,6.96,69.4,2,452,0.238,0
2026-01-17,Shillong Rural,Meghalaya,25.57,91.88,1.11,2,7.02,7.19,5.48,122.4,2,1701,0.258,0
2026-01-18,Shillong Rural,Meghalaya,25.57,91.88,10.44,0,5.49,6.75,7.31,77.8,1,1867,0.34,0
2026-01-19,Shillong Rural,Meghalaya,25.57,91.88,3.92,0,3.59,7.18,7.08,116.2,1,1299,0.238,0
2026-01-20,Shillong Rural,Meghalaya,25.57,91.88,1.58,1,0.5,7.15,8.16,24.1,2,674,0.233,0
2026-01-21,Shillong Rural,Meghalaya,25.57,91.88,6.78,0,4.82,6.62,5.3,55.5,2,318,0.281,0
2026-01-22,Shillong Rural,Meghalaya,25.57,91.88,9.05,0,6.77,7.1,6.45,125.2,0,1897,0.33,0
2026-01-23,Shillong Rural,Meghalaya,25.57,91.88,5.85,0,4.12,6.45,7.57,114.1,2,2933,0.268,0
2026-01-24,Shillong Rural,Meghalaya,25.57,91.88,9.36,0,2.93,7.17,5.22,69.9,2,859,0.296,0
2026-01-25,Shillong Rural,Meghalaya,25.57,91.88,7.01,0,1.41,7.1,6.34,31.0,1,2761,0.298,0
2026-01-26,Shillong Rural,Meghalaya,25.57,91.88,9.12,0,7.51,6.86,6.45,64.2,4,2401,0.522,1
2026-01-27,Shillong Rural,Meghalaya,25.57,91.88,3.17,0,5.02,7.18,6.56,130.5,2,1637,0.231,0
2026-01-28,Shillong Rural,Meghalaya,25.57,91.88,7.27,0,0.97,5.97,8.03,80.8,2,902,0.325,0
2026-01-29,Shillong Rural,Meghalaya,25.57,91.88,5.9,0,4.22,6.63,6.68,106.8,2,2767,0.278,0
2026-01-30,Shillong Rural,Meghalaya,25.57,91.88,6.13,0,8.05,7.23,5.92,114.5,2,1122,0.253,0
2026-01-31,Shillong Rural,Meghalaya,25.57,91.88,9.99,0,4.94,6.91,8.29,92.1,6,866,0.504,1
2026-02-01,Shillong Rural,Meghalaya,25.57,91.88,24.43,0,7.58,6.31,4.86,131.9,1,2977,0.523,1
2026-02-02,Shillong Rural,Meghalaya,25.57,91.88,12.66,0,4.62,7.48,3.66,55.3,0,1368,0.274,0
2026-02-03,Shillong Rural,Meghalaya,25.57,91.88,1.45,1,0.5,7.07,8.59,45.6,1,2594,0.23,0
2026-02-04,Shillong Rural,Meghalaya,25.57,91.88,2.23,0,2.49,6.26,7.04,116.6,5,538,0.408,0
2026-02-05,Shillong Rural,Meghalaya,25.57,91.88,0.98,1,4.21,6.44,6.81,56.8,2,2076,0.234,0
2026-02-06,Shillong Rural,Meghalaya,25.57,91.88,7.56,0,5.59,7.52,7.62,88.0,3,1522,0.37,0
2026-02-07,Shillong Rural,Meghalaya,25.57,91.88,4.8,0,3.13,7.2,6.14,72.4,0,2881,0.269,0
2026-02-08,Shillong Rural,Meghalaya,25.57,91.88,5.22,0,5.67,6.55,6.69,130.7,4,505,0.377,0
2026-02-09,Shillong Rural,Meghalaya,25.57,91.88,3.73,0,4.19,6.89,5.76,136.3,2,1805,0.268,0
2026-02-10,Shillong Rural,Meghalaya,25.57,91.88,11.86,0,3.72,7.05,7.05,123.4,4,2748,0.46,1
2026-02-11,Shillong Rural,Meghalaya,25.57,91.88,2.39,0,5.17,6.24,8.89,107.2,2,1254,0.316,0
2026-02-12,Shillong Rural,Meghalaya,25.57,91.88,15.82,0,6.38,7.39,6.96,149.3,1,2408,0.5,1
2026-02-13,Shillong Rural,Meghalaya,25.57,91.88,3.14,0,5.38,6.51,5.77,62.6,2,2687,0.333,0
2026-02-14,Shillong Rural,Meghalaya,25.57,91.88,3.68,0,3.45,6.96,6.1,92.3,1,1505,0.218,0
2026-02-15,Shillong Rural,Meghalaya,25.57,91.88,9.82,0,6.27,7.36,7.75,99.8,2,807,0.368,0
2026-02-16,Shillong Rural,Meghalaya,25.57,91.88,8.5,0,6.09,7.8,6.96,131.5,4,1945,0.508,1
2026-02-17,Shillong Rural,Meghalaya,25.57,91.88,3.72,0,4.69,7.91,8.12,12.0,4,1398,0.33,0
2026-02-18,Shillong Rural,Meghalaya,25.57,91.88,1.47,1,8.07,7.0,7.71,154.8,1,392,0.374,0
2026-02-19,Shillong Rural,Meghalaya,25.57,91.88,23.77,0,5.31,7.1,6.02,32.7,7,1352,0.609,1
2026-02-20,Shillong Rural,Meghalaya,25.57,91.88,4.4,0,4.83,6.55,5.14,107.3,3,2978,0.354,0
2026-02-21,Shillong Rural,Meghalaya,25.57,91.88,7.72,0,6.41,6.79,5.46,40.8,3,349,0.341,0
2026-02-22,Shillong Rural,Meghalaya,25.57,91.88,2.5,0,0.85,6.72,5.76,88.3,1,335,0.307,0
2026-02-23,Shillong Rural,Meghalaya,25.57,91.88,1.89,1,1.91,6.77,6.9,91.7,1,785,0.197,0
2026-02-24,Shillong Rural,Meghalaya,25.57,91.88,12.13,0,3.05,6.32,6.31,105.5,3,1722,0.433,0
2026-02-25,Shillong Rural,Meghalaya,25.57,91.88,1.78,1,4.22,7.91,6.93,7.5,4,2571,0.455,1
2026-02-26,Shillong Rural,Meghalaya,25.57,91.88,1.08,2,4.63,6.25,6.08,167.6,2,2057,0.177,0
2026-02-27,Shillong Rural,Meghalaya,25.57,91.88,15.41,0,6.12,5.46,6.19,105.4,2,648,0.512,1
2026-02-28,Shillong Rural,Meghalaya,25.57,91.88,12.71,0,6.31,6.41,5.68,80.2,2,575,0.429,0
2026-03-01,Shillong Rural,Meghalaya,25.57,91.88,3.78,0,5.13,6.54,5.45,49.6,1,455,0.269,0
2026-03-02,Shillong Rural,Meghalaya,25.57,91.88,11.44,0,5.05,6.27,8.83,48.4,4,1790,0.438,0
2026-03-03,Shillong Rural,Meghalaya,25.57,91.88,7.64,0,2.54,7.01,7.56,50.8,0,2166,0.233,0
2026-03-04,Shillong Rural,Meghalaya,25.57,91.88,4.77,0,3.34,7.2,4.68,99.2,1,1032,0.217,0
2026-03-05,Shillong Rural,Meghalaya,25.57,91.88,15.53,0,7.07,6.14,5.23,93.6,0,1773,0.455,1
2026-03-06,Shillong Rural,Meghalaya,25.57,91.88,8.82,0,4.65,7.13,8.39,116.8,5,1570,0.518,1
2026-03-07,Shillong Rural,Meghalaya,25.57,91.88,4.58,0,6.53,6.6,7.56,89.4,1,1222,0.254,0
2026-03-08,Shillong Rural,Meghalaya,25.57,91.88,0.78,1,4.73,6.31,6.6,0.0,1,2509,0.173,0
2026-03-09,Shillong Rural,Meghalaya,25.57,91.88,15.51,0,9.05,7.76,5.65,91.1,0,2344,0.377,0
2026-03-10,Shillong Rural,Meghalaya,25.57,91.88,6.06,0,4.48,5.89,7.44,37.1,1,829,0.334,0
2026-03-11,Shillong Rural,Meghalaya,25.57,91.88,0.9,1,6.59,7.04,7.79,80.5,2,2016,0.359,0
2026-03-12,Shillong Rural,Meghalaya,25.57,91.88,4.99,0,7.53,7.36,6.59,103.9,1,973,0.319,0
2026-03-13,Shillong Rural,Meghalaya,25.57,91.88,0.41,1,4.94,7.08,6.14,43.9,2,2355,0.225,0
2026-03-14,Shillong Rural,Meghalaya,25.57,91.88,1.38,2,4.3,6.62,6.84,75.7,3,1383,0.228,0
2026-03-15,Shillong Rural,Meghalaya,25.57,91.88,1.01,3,2.78,7.11,7.04,57.0,2,2731,0.209,0
2026-03-16,Shillong Rural,Meghalaya,25.57,91.88,2.19,0,7.32,7.04,6.59,103.2,2,2710,0.294,0
2026-03-17,Shillong Rural,Meghalaya,25.57,91.88,26.22,0,2.91,7.96,6.07,143.2,1,2235,0.571,1
2026-03-18,Shillong Rural,Meghalaya,25.57,91.88,0.34,1,1.63,6.82,6.68,93.6,1,957,0.277,0
2026-03-19,Shillong Rural,Meghalaya,25.57,91.88,0.35,2,2.91,6.71,8.12,101.7,1,2353,0.184,0
2026-03-20,Shillong Rural,Meghalaya,25.57,91.88,2.31,0,4.12,7.73,4.16,87.3,2,2763,0.365,0
2026-03-21,Shillong Rural,Meghalaya,25.57,91.88,8.9,0,3.51,7.81,5.93,80.2,2,1579,0.332,0
2026-03-22,Shillong Rural,Meghalaya,25.57,91.88,19.91,0,5.08,7.2,4.4,150.1,4,1782,0.505,1
2026-03-23,Shillong Rural,Meghalaya,25.57,91.88,0.19,1,3.57,6.78,5.89,60.7,0,2181,0.169,0
2026-03-24,Shillong Rural,Meghalaya,25.57,91.88,23.46,0,4.96,7.63,7.49,58.2,2,2202,0.561,1
2026-03-25,Shillong Rural,Meghalaya,25.57,91.88,5.76,0,5.4,6.3,6.13,72.2,1,929,0.232,0
2026-03-26,Shillong Rural,Meghalaya,25.57,91.88,3.29,0,5.68,6.53,6.49,75.7,2,584,0.337,0
2026-03-27,Shillong Rural,Meghalaya,25.57,91.88,1.29,1,5.56,6.52,4.89,145.4,0,344,0.153,0
2026-03-28,Shillong Rural,Meghalaya,25.57,91.88,3.29,0,3.08,7.45,4.98,41.9,0,1215,0.166,0
2026-03-29,Shillong Rural,Meghalaya,25.57,91.88,8.55,0,5.08,6.5,6.58,89.0,1,2176,0.271,0
2026-03-30,Shillong Rural,Meghalaya,25.57,91.88,16.09,0,5.05,5.9,4.92,143.4,2,1709,0.462,1
2026-03-31,Shillong Rural,Meghalaya,25.57,91.88,7.38,0,3.29,6.57,6.52,60.7,1,2377,0.267,0
2026-04-01,Shillong Rural,Meghalaya,25.57,91.88,3.8,0,5.75,6.97,7.89,57.9,2,635,0.266,0
2026-04-02,Shillong Rural,Meghalaya,25.57,91.88,3.34,0,5.02,7.47,6.45,77.6,0,1087,0.114,0
2026-04-03,Shillong Rural,Meghalaya,25.57,91.88,5.27,0,5.91,7.66,6.43,150.9,4,2192,0.466,1
2026-04-04,Shillong Rural,Meghalaya,25.57,91.88,7.35,0,0.52,7.38,6.21,22.1,2,422,0.307,0
2026-04-05,Shillong Rural,Meghalaya,25.57,91.88,0.68,1,3.62,7.33,6.3,47.4,0,2456,0.175,0
2026-04-06,Shillong Rural,Meghalaya,25.57,91.88,17.97,0,0.5,6.19,7.61,73.1,0,2537,0.324,0
2026-04-07,Shillong Rural,Meghalaya,25.57,91.88,6.22,0,5.84,8.66,6.62,71.5,2,2258,0.346,0
2026-04-08,Shillong Rural,Meghalaya,25.57,91.88,34.95,0,6.92,7.85,3.51,143.7,1,2478,0.629,1
2026-04-09,Shillong Rural,Meghalaya,25.57,91.88,10.73,0,3.49,7.21,4.61,92.1,3,1157,0.355,0
2026-04-10,Shillong Rural,Meghalaya,25.57,91.88,0.91,1,2.65,8.53,5.73,45.6,0,2102,0.213,0
2026-04-11,Shillong Rural,Meghalaya,25.57,91.88,8.12,0,8.75,6.99,5.49,87.7,5,1952,0.468,1
2026-04-12,Shillong Rural,Meghalaya,25.57,91.88,6.04,0,6.22,7.19,6.71,118.6,2,1220,0.345,0
2026-04-13,Shillong Rural,Meghalaya,25.57,91.88,0.51,1,4.21,5.72,7.05,54.3,3,2923,0.392,0
2026-04-14,Shillong Rural,Meghalaya,25.57,91.88,4.89,0,2.25,6.42,3.81,115.5,1,1819,0.236,0
2026-04-15,Shillong Rural,Meghalaya,25.57,91.88,6.97,0,1.33,6.39,6.16,31.7,1,756,0.391,0
2026-04-16,Shillong Rural,Meghalaya,25.57,91.88,0.83,1,6.46,6.8,5.88,109.9,2,720,0.184,0
2026-04-17,Shillong Rural,Meghalaya,25.57,91.88,0.67,2,6.47,7.19,6.44,76.8,3,2954,0.317,0
2026-04-18,Shillong Rural,Meghalaya,25.57,91.88,43.48,0,3.28,7.24,5.91,29.9,1,1069,0.674,1
2026-04-19,Shillong Rural,Meghalaya,25.57,91.88,8.26,0,3.73,6.91,7.51,86.0,1,1021,0.299,0
2026-04-20,Shillong Rural,Meghalaya,25.57,91.88,2.46,0,5.08,6.54,6.51,17.6,0,523,0.135,0
2026-04-21,Shillong Rural,Meghalaya,25.57,91.88,1.99,1,6.41,8.16,8.18,117.9,1,2695,0.254,0
2026-04-22,Shillong Rural,Meghalaya,25.57,91.88,2.24,0,3.4,6.0,8.2,66.9,1,750,0.286,0
2026-04-23,Shillong Rural,Meghalaya,25.57,91.88,0.59,1,7.45,8.14,6.69,140.3,1,2320,0.295,0
2026-04-24,Shillong Rural,Meghalaya,25.57,91.88,4.8,0,1.81,7.55,4.42,2.5,5,1750,0.346,0
2026-04-25,Shillong Rural,Meghalaya,25.57,91.88,0.38,1,5.98,6.28,7.88,76.0,3,2115,0.322,0
2026-04-26,Shillong Rural,Meghalaya,25.57,91.88,3.03,0,5.28,6.16,5.82,110.9,3,1337,0.402,0
2026-04-27,Shillong Rural,Meghalaya,25.57,91.88,14.21,0,4.42,6.18,6.89,83.5,2,1806,0.36,0
2026-04-28,Shillong Rural,Meghalaya,25.57,91.88,4.92,0,5.34,7.62,8.34,72.7,3,2412,0.367,0
2026-04-29,Shillong Rural,Meghalaya,25.57,91.88,3.5,0,6.5,6.45,7.38,151.7,2,1458,0.306,0
2026-04-30,Shillong Rural,Meghalaya,25.57,91.88,12.12,0,6.64,6.03,7.02,121.6,4,1860,0.621,1
2026-05-01,Shillong Rural,Meghalaya,25.57,91.88,3.07,0,5.98,6.9,6.12,91.9,1,1358,0.216,0
2026-05-02,Shillong Rural,Meghalaya,25.57,91.88,18.15,0,5.16,7.14,7.79,98.0,5,644,0.611,1
2026-05-03,Shillong Rural,Meghalaya,25.57,91.88,6.48,0,1.54,8.12,5.63,68.3,0,1652,0.219,0
2026-05-04,Shillong Rural,Meghalaya,25.57,91.88,7.43,0,1.62,7.6,6.13,29.6,1,1418,0.235,0
2026-05-05,Shillong Rural,Meghalaya,25.57,91.88,1.14,1,1.3,7.65,4.32,28.6,1,2544,0.144,0
2026-05-06,Shillong Rural,Meghalaya,25.57,91.88,11.61,0,2.37,6.41,6.16,104.8,1,1515,0.366,0
2026-05-07,Shillong Rural,Meghalaya,25.57,91.88,8.09,0,6.45,7.03,7.06,115.0,3,1313,0.409,0
2026-05-08,Shillong Rural,Meghalaya,25.57,91.88,0.92,1,4.31,6.51,5.16,92.3,4,1607,0.345,0
2026-05-09,Shillong Rural,Meghalaya,25.57,91.88,12.97,0,5.04,7.2,7.94,113.6,4,2054,0.467,1
2026-05-10,Shillong Rural,Meghalaya,25.57,91.88,1.96,1,3.9,7.32,7.67,44.5,2,1347,0.34,0
2026-05-11,Shillong Rural,Meghalaya,25.57,91.88,1.2,2,1.01,7.54,5.88,51.9,2,845,0.232,0
2026-05-12,Shillong Rural,Meghalaya,25.57,91.88,3.69,0,4.63,6.18,5.0,5.4,3,1273,0.395,0
2026-05-13,Shillong Rural,Meghalaya,25.57,91.88,16.27,0,1.08,8.28,7.99,48.2,3,1161,0.496,1
2026-05-14,Shillong Rural,Meghalaya,25.57,91.88,7.25,0,5.81,7.0,6.53,89.6,0,564,0.278,0
2026-05-15,Shillong Rural,Meghalaya,25.57,91.88,6.46,0,1.02,7.06,7.16,79.2,3,2453,0.39,0
2026-05-16,Shillong Rural,Meghalaya,25.57,91.88,0.94,1,6.1,7.75,5.96,78.0,4,492,0.275,0
2026-05-17,Shillong Rural,Meghalaya,25.57,91.88,17.41,0,7.79,6.83,6.81,60.8,3,382,0.545,1
2026-05-18,Shillong Rural,Meghalaya,25.57,91.88,4.47,0,2.21,6.46,4.1,75.6,4,1805,0.476,1
2026-05-19,Shillong Rural,Meghalaya,25.57,91.88,19.21,0,6.89,6.72,5.53,107.7,3,885,0.613,1
2026-05-20,Shillong Rural,Meghalaya,25.57,91.88,5.58,0,4.7,7.03,6.79,119.2,4,428,0.385,0
2026-05-21,Shillong Rural,Meghalaya,25.57,91.88,1.35,1,2.42,7.06,4.98,15.6,0,484,0.157,0
2026-05-22,Shillong Rural,Meghalaya,25.57,91.88,9.79,0,2.61,7.78,6.52,142.3,3,2617,0.411,0
2026-05-23,Shillong Rural,Meghalaya,25.57,91.88,8.9,0,5.27,7.4,7.14,119.9,1,2534,0.339,0
2026-05-24,Shillong Rural,Meghalaya,25.57,91.88,12.91,0,7.25,6.8,7.46,74.7,0,665,0.393,0
2026-05-25,Shillong Rural,Meghalaya,25.57,91.88,2.83,0,4.27,6.87,6.05,62.3,3,456,0.262,0
2026-05-26,Shillong Rural,Meghalaya,25.57,91.88,3.31,0,1.38,7.57,6.79,15.0,3,2935,0.326,0
2026-05-27,Shillong Rural,Meghalaya,25.57,91.88,13.36,0,3.74,5.86,6.03,109.9,6,786,0.572,1
2026-05-28,Shillong Rural,Meghalaya,25.57,91.88,3.53,0,8.23,6.32,7.09,124.8,1,1884,0.42,0
2026-05-29,Shillong Rural,Meghalaya,25.57,91.88,18.26,0,9.54,7.13,6.08,77.9,0,2651,0.487,1
2026-05-30,Shillong Rural,Meghalaya,25.57,91.88,6.4,0,2.27,7.28,5.64,113.7,4,823,0.434,0
2026-05-31,Shillong Rural,Meghalaya,25.57,91.88,14.77,0,2.35,7.62,6.79,28.4,1,1710,0.293,0
2026-06-01,Shillong Rural,Meghalaya,25.57,91.88,4.34,0,6.28,7.19,8.71,65.2,1,1337,0.306,0
2026-06-02,Shillong Rural,Meghalaya,25.57,91.88,28.59,0,9.49,7.08,6.65,120.6,2,936,0.603,1
2026-06-03,Shillong Rural,Meghalaya,25.57,91.88,26.37,0,7.8,7.82,8.47,207.0,2,759,0.546,1
2026-06-04,Shillong Rural,Meghalaya,25.57,91.88,16.96,0,6.55,7.37,6.08,111.3,0,1219,0.366,0
2026-06-05,Shillong Rural,Meghalaya,25.57,91.88,9.42,0,3.93,6.29,8.01,64.4,3,1909,0.356,0
2026-06-06,Shillong Rural,Meghalaya,25.57,91.88,16.87,0,3.72,7.12,6.41,62.4,2,2081,0.508,1
2026-06-07,Shillong Rural,Meghalaya,25.57,91.88,25.46,0,3.7,7.73,4.64,70.9,4,1253,0.626,1
2026-06-08,Shillong Rural,Meghalaya,25.57,91.88,34.03,0,5.48,6.31,7.55,92.9,2,1581,0.673,1
2026-06-09,Shillong Rural,Meghalaya,25.57,91.88,0.25,1,0.76,7.64,6.11,47.9,2,2713,0.246,0
2026-06-10,Shillong Rural,Meghalaya,25.57,91.88,8.89,0,6.42,7.68,5.4,84.1,2,2584,0.366,0
2026-06-11,Shillong Rural,Meghalaya,25.57,91.88,14.04,0,1.39,6.76,7.06,57.0,4,2871,0.494,1
2026-06-12,Shillong Rural,Meghalaya,25.57,91.88,12.38,0,7.94,7.9,6.22,73.7,2,481,0.427,0
2026-06-13,Shillong Rural,Meghalaya,25.57,91.88,7.98,0,1.55,7.81,7.56,60.5,3,728,0.399,0
2026-06-14,Shillong Rural,Meghalaya,25.57,91.88,6.67,0,5.52,6.87,5.59,65.0,2,732,0.376,0
2026-06-15,Shillong Rural,Meghalaya,25.57,91.88,7.96,0,3.59,6.08,7.15,79.9,2,1259,0.417,0
2026-06-16,Shillong Rural,Meghalaya,25.57,91.88,8.39,0,8.08,6.91,7.45,127.0,2,506,0.437,0
2026-06-17,Shillong Rural,Meghalaya,25.57,91.88,41.52,0,8.91,6.49,4.53,158.6,2,1440,0.752,1
2026-06-18,Shillong Rural,Meghalaya,25.57,91.88,9.71,0,4.62,7.29,6.49,96.2,2,384,0.353,0
2026-06-19,Shillong Rural,Meghalaya,25.57,91.88,34.84,0,6.47,7.41,6.34,47.6,1,2148,0.563,1
2026-06-20,Shillong Rural,Meghalaya,25.57,91.88,53.85,0,11.58,6.06,2.89,159.8,2,1044,0.885,1
2026-06-21,Shillong Rural,Meghalaya,25.57,91.88,14.24,0,4.17,6.51,8.1,138.1,1,614,0.33,0
2026-06-22,Shillong Rural,Meghalaya,25.57,91.88,18.51,0,9.56,6.71,6.89,72.4,2,1380,0.565,1
2026-06-23,Shillong Rural,Meghalaya,25.57,91.88,26.46,0,10.51,7.11,3.98,116.1,1,1419,0.662,1
2026-06-24,Shillong Rural,Meghalaya,25.57,91.88,25.08,0,0.7,7.35,6.59,69.7,1,2342,0.326,0
2026-06-25,Shillong Rural,Meghalaya,25.57,91.88,30.39,0,5.24,7.15,5.34,116.0,4,1115,0.783,1
2026-06-26,Shillong Rural,Meghalaya,25.57,91.88,32.01,0,4.05,6.27,6.38,22.6,1,2342,0.58,1
2026-06-27,Shillong Rural,Meghalaya,25.57,91.88,2.23,0,6.17,6.73,6.72,144.6,2,373,0.334,0
2026-06-28,Shillong Rural,Meghalaya,25.57,91.88,3.04,0,4.25,6.54,5.64,59.5,1,451,0.191,0
2026-06-29,Shillong Rural,Meghalaya,25.57,91.88,74.25,0,11.48,6.62,7.38,136.0,1,654,0.861,1
2026-01-01,Imphal East,Manipur,24.82,93.95,8.08,0,3.57,6.69,6.3,111.1,1,1848,0.291,0
2026-01-02,Imphal East,Manipur,24.82,93.95,19.73,0,4.13,7.28,5.73,33.2,2,1138,0.459,1
2026-01-03,Imphal East,Manipur,24.82,93.95,2.81,0,3.38,7.09,8.83,18.9,2,1907,0.248,0
2026-01-04,Imphal East,Manipur,24.82,93.95,6.89,0,4.55,6.64,9.02,70.6,1,1623,0.276,0
2026-01-05,Imphal East,Manipur,24.82,93.95,12.68,0,0.52,8.23,6.85,30.9,3,864,0.418,0
2026-01-06,Imphal East,Manipur,24.82,93.95,1.15,1,3.31,7.7,6.01,75.0,4,2368,0.367,0
2026-01-07,Imphal East,Manipur,24.82,93.95,4.19,0,4.96,6.63,6.55,121.2,2,1269,0.301,0
2026-01-08,Imphal East,Manipur,24.82,93.95,0.45,1,2.72,6.36,3.5,77.7,2,2602,0.283,0
2026-01-09,Imphal East,Manipur,24.82,93.95,2.5,0,2.73,6.78,6.11,75.1,4,1540,0.339,0
2026-01-10,Imphal East,Manipur,24.82,93.95,16.77,0,2.65,7.19,4.61,64.8,2,848,0.46,1
2026-01-11,Imphal East,Manipur,24.82,93.95,0.47,1,6.35,7.18,8.02,109.4,1,1026,0.27,0
2026-01-12,Imphal East,Manipur,24.82,93.95,9.29,0,7.73,7.19,7.3,141.3,3,613,0.402,0
2026-01-13,Imphal East,Manipur,24.82,93.95,7.7,0,6.18,7.59,7.27,113.0,2,345,0.303,0
2026-01-14,Imphal East,Manipur,24.82,93.95,11.92,0,5.76,7.33,4.96,95.4,0,2300,0.261,0
2026-01-15,Imphal East,Manipur,24.82,93.95,2.34,0,4.58,7.55,7.73,72.8,3,2396,0.243,0
2026-01-16,Imphal East,Manipur,24.82,93.95,18.09,0,5.23,7.18,5.61,90.3,3,2340,0.494,1
2026-01-17,Imphal East,Manipur,24.82,93.95,6.84,0,9.48,8.6,6.28,98.1,4,2413,0.571,1
2026-01-18,Imphal East,Manipur,24.82,93.95,9.04,0,3.11,7.62,8.26,104.1,3,2558,0.385,0
2026-01-19,Imphal East,Manipur,24.82,93.95,15.56,0,5.13,7.79,4.69,89.3,0,399,0.354,0
2026-01-20,Imphal East,Manipur,24.82,93.95,16.68,0,2.99,6.73,5.29,104.9,2,2449,0.371,0
2026-01-21,Imphal East,Manipur,24.82,93.95,0.14,1,3.53,7.26,5.68,52.9,5,2990,0.35,0
2026-01-22,Imphal East,Manipur,24.82,93.95,1.82,2,3.18,6.75,6.21,31.7,3,1108,0.18,0
2026-01-23,Imphal East,Manipur,24.82,93.95,8.58,0,6.61,7.42,5.54,71.1,1,1838,0.247,0
2026-01-24,Imphal East,Manipur,24.82,93.95,5.15,0,5.91,6.83,8.05,109.9,4,1881,0.476,1
2026-01-25,Imphal East,Manipur,24.82,93.95,8.26,0,4.05,5.96,5.27,67.8,3,2373,0.414,0
2026-01-26,Imphal East,Manipur,24.82,93.95,4.57,0,4.74,6.15,6.64,112.9,1,1395,0.313,0
2026-01-27,Imphal East,Manipur,24.82,93.95,2.16,0,6.41,7.26,4.65,85.1,3,1052,0.353,0
2026-01-28,Imphal East,Manipur,24.82,93.95,6.67,0,5.02,8.05,6.03,83.2,1,1422,0.427,0
2026-01-29,Imphal East,Manipur,24.82,93.95,8.11,0,4.61,7.56,4.92,81.7,1,1003,0.275,0
2026-01-30,Imphal East,Manipur,24.82,93.95,7.05,0,4.54,7.29,5.23,111.0,4,655,0.359,0
2026-01-31,Imphal East,Manipur,24.82,93.95,44.16,0,9.31,7.23,6.01,128.1,2,1864,0.758,1
2026-02-01,Imphal East,Manipur,24.82,93.95,1.39,1,6.27,7.31,8.03,103.9,1,1340,0.218,0
2026-02-02,Imphal East,Manipur,24.82,93.95,19.07,0,6.89,7.33,7.18,88.4,3,1170,0.571,1
2026-02-03,Imphal East,Manipur,24.82,93.95,7.32,0,4.96,7.23,6.34,98.1,2,1118,0.343,0
2026-02-04,Imphal East,Manipur,24.82,93.95,15.73,0,6.56,6.21,6.78,82.2,2,2815,0.473,1
2026-02-05,Imphal East,Manipur,24.82,93.95,5.58,0,2.76,7.96,6.16,76.2,1,1027,0.228,0
2026-02-06,Imphal East,Manipur,24.82,93.95,0.66,1,2.21,6.93,6.54,63.8,3,827,0.249,0
2026-02-07,Imphal East,Manipur,24.82,93.95,4.8,0,4.28,6.93,5.29,91.9,0,2533,0.27,0
2026-02-08,Imphal East,Manipur,24.82,93.95,6.14,0,6.77,6.8,2.57,79.6,4,1525,0.41,0
2026-02-09,Imphal East,Manipur,24.82,93.95,11.87,0,4.57,7.13,6.13,80.5,2,2368,0.29,0
2026-02-10,Imphal East,Manipur,24.82,93.95,26.94,0,3.9,6.58,6.18,33.3,2,1292,0.582,1
2026-02-11,Imphal East,Manipur,24.82,93.95,10.26,0,4.19,6.36,9.35,100.1,2,2579,0.404,0
2026-02-12,Imphal East,Manipur,24.82,93.95,2.14,0,7.36,7.33,6.37,107.7,0,1225,0.264,0
2026-02-13,Imphal East,Manipur,24.82,93.95,0.97,1,7.59,7.35,7.24,53.4,1,383,0.274,0
2026-02-14,Imphal East,Manipur,24.82,93.95,0.86,2,5.46,6.92,7.9,109.6,2,2026,0.258,0
2026-02-15,Imphal East,Manipur,24.82,93.95,8.93,0,5.19,7.33,5.55,152.1,3,1474,0.387,0
2026-02-16,Imphal East,Manipur,24.82,93.95,3.73,0,4.22,5.99,6.73,82.7,0,2902,0.205,0
2026-02-17,Imphal East,Manipur,24.82,93.95,1.39,1,4.44,7.11,7.68,122.1,2,2718,0.199,0
2026-02-18,Imphal East,Manipur,24.82,93.95,0.75,2,3.29,6.86,6.47,75.5,1,2242,0.196,0
2026-02-19,Imphal East,Manipur,24.82,93.95,17.96,0,6.79,5.97,6.69,44.7,4,2675,0.587,1
2026-02-20,Imphal East,Manipur,24.82,93.95,3.65,0,2.31,6.78,7.27,96.3,1,967,0.313,0
2026-02-21,Imphal East,Manipur,24.82,93.95,0.03,1,0.5,5.55,6.53,23.6,2,1364,0.181,0
2026-02-22,Imphal East,Manipur,24.82,93.95,1.46,2,5.45,7.53,6.41,67.9,1,2090,0.268,0
2026-02-23,Imphal East,Manipur,24.82,93.95,19.97,0,1.61,6.96,7.73,21.5,2,535,0.431,0
2026-02-24,Imphal East,Manipur,24.82,93.95,8.46,0,3.37,6.2,6.04,90.0,4,2784,0.466,1
2026-02-25,Imphal East,Manipur,24.82,93.95,39.28,0,7.67,6.35,7.74,147.7,1,860,0.717,1
2026-02-26,Imphal East,Manipur,24.82,93.95,1.43,1,4.48,8.71,7.8,95.3,3,414,0.307,0
2026-02-27,Imphal East,Manipur,24.82,93.95,5.7,0,4.07,5.74,7.32,79.1,1,1334,0.321,0
2026-02-28,Imphal East,Manipur,24.82,93.95,3.91,0,3.31,6.04,8.26,62.2,2,389,0.296,0
2026-03-01,Imphal East,Manipur,24.82,93.95,6.22,0,7.6,7.4,6.42,96.6,1,522,0.346,0
2026-03-02,Imphal East,Manipur,24.82,93.95,5.6,0,2.13,7.27,8.43,96.0,4,2394,0.445,0
2026-03-03,Imphal East,Manipur,24.82,93.95,4.92,0,7.22,7.55,8.97,81.5,1,1459,0.368,0
2026-03-04,Imphal East,Manipur,24.82,93.95,4.65,0,5.32,7.5,6.23,101.2,1,1212,0.316,0
2026-03-05,Imphal East,Manipur,24.82,93.95,1.07,1,3.33,7.42,6.09,98.8,3,509,0.333,0
2026-03-06,Imphal East,Manipur,24.82,93.95,3.92,0,4.32,7.9,7.19,61.2,1,2568,0.212,0
2026-03-07,Imphal East,Manipur,24.82,93.95,6.03,0,7.65,7.57,9.29,110.7,0,1966,0.324,0
2026-03-08,Imphal East,Manipur,24.82,93.95,2.1,0,5.62,7.21,6.48,114.7,3,1171,0.392,0
2026-03-09,Imphal East,Manipur,24.82,93.95,6.01,0,6.08,7.15,5.31,168.8,0,1618,0.232,0
2026-03-10,Imphal East,Manipur,24.82,93.95,1.43,1,3.59,6.92,5.3,102.4,3,2063,0.287,0
2026-03-11,Imphal East,Manipur,24.82,93.95,6.56,0,4.13,6.46,4.93,123.5,1,2576,0.313,0
2026-03-12,Imphal East,Manipur,24.82,93.95,6.47,0,6.24,6.29,6.38,129.6,1,2877,0.32,0
2026-03-13,Imphal East,Manipur,24.82,93.95,10.89,0,10.93,6.51,7.84,81.1,1,1120,0.473,1
2026-03-14,Imphal East,Manipur,24.82,93.95,7.2,0,1.75,7.99,5.29,81.2,1,1369,0.319,0
2026-03-15,Imphal East,Manipur,24.82,93.95,9.82,0,2.84,6.88,6.94,104.0,3,1029,0.282,0
2026-03-16,Imphal East,Manipur,24.82,93.95,2.3,0,2.08,6.71,7.59,112.4,3,1653,0.188,0
2026-03-17,Imphal East,Manipur,24.82,93.95,1.11,1,8.23,7.43,6.57,138.7,2,2398,0.312,0
2026-03-18,Imphal East,Manipur,24.82,93.95,2.92,0,8.58,7.21,7.34,140.6,2,2733,0.484,1
2026-03-19,Imphal East,Manipur,24.82,93.95,11.3,0,3.35,6.98,8.25,67.8,5,2195,0.514,1
2026-03-20,Imphal East,Manipur,24.82,93.95,7.05,0,2.33,7.04,6.65,61.6,3,1964,0.344,0
2026-03-21,Imphal East,Manipur,24.82,93.95,1.12,1,5.43,7.66,5.84,53.4,3,1618,0.345,0
2026-03-22,Imphal East,Manipur,24.82,93.95,2.82,0,2.21,7.39,7.19,84.6,1,969,0.167,0
2026-03-23,Imphal East,Manipur,24.82,93.95,0.2,1,6.93,7.65,6.15,86.0,1,1173,0.299,0
2026-03-24,Imphal East,Manipur,24.82,93.95,15.56,0,3.91,6.9,4.7,70.9,2,1097,0.354,0
2026-03-25,Imphal East,Manipur,24.82,93.95,5.14,0,3.99,6.32,6.17,119.4,2,2741,0.361,0
2026-03-26,Imphal East,Manipur,24.82,93.95,41.72,0,7.14,7.13,7.07,54.7,1,1485,0.717,1
2026-03-27,Imphal East,Manipur,24.82,93.95,57.12,0,9.35,6.4,5.33,115.9,4,1351,0.885,1
2026-03-28,Imphal East,Manipur,24.82,93.95,13.15,0,5.57,6.67,5.98,106.0,0,2106,0.374,0
2026-03-29,Imphal East,Manipur,24.82,93.95,3.04,0,0.5,7.37,6.95,59.0,2,1858,0.342,0
2026-03-30,Imphal East,Manipur,24.82,93.95,3.0,0,4.42,6.44,6.27,40.5,3,2703,0.278,0
2026-03-31,Imphal East,Manipur,24.82,93.95,21.57,0,6.02,7.26,7.39,175.3,4,2400,0.468,1
2026-04-01,Imphal East,Manipur,24.82,93.95,3.12,0,3.95,7.35,5.46,74.4,2,2949,0.288,0
2026-04-02,Imphal East,Manipur,24.82,93.95,4.52,0,0.52,7.93,5.39,27.7,4,2370,0.418,0
2026-04-03,Imphal East,Manipur,24.82,93.95,10.05,0,2.72,6.34,5.94,51.1,2,2725,0.351,0
2026-04-04,Imphal East,Manipur,24.82,93.95,2.47,0,1.57,6.57,7.27,51.1,3,2286,0.225,0
2026-04-05,Imphal East,Manipur,24.82,93.95,5.19,0,5.52,7.39,5.3,92.9,0,1977,0.17,0
2026-04-06,Imphal East,Manipur,24.82,93.95,15.26,0,3.83,5.44,5.87,59.7,1,2560,0.34,0
2026-04-07,Imphal East,Manipur,24.82,93.95,15.2,0,5.79,7.62,5.1,142.7,3,2887,0.443,0
2026-04-08,Imphal East,Manipur,24.82,93.95,11.63,0,5.01,5.82,6.47,98.9,1,1062,0.354,0
2026-04-09,Imphal East,Manipur,24.82,93.95,29.0,0,5.57,7.45,7.7,92.1,2,905,0.636,1
2026-04-10,Imphal East,Manipur,24.82,93.95,3.6,0,2.94,6.77,9.0,86.4,0,1636,0.147,0
2026-04-11,Imphal East,Manipur,24.82,93.95,8.92,0,8.5,7.04,4.88,83.7,2,309,0.369,0
2026-04-12,Imphal East,Manipur,24.82,93.95,3.39,0,0.5,6.75,6.63,67.2,2,375,0.263,0
2026-04-13,Imphal East,Manipur,24.82,93.95,9.01,0,5.63,6.32,7.4,69.5,3,2345,0.38,0
2026-04-14,Imphal East,Manipur,24.82,93.95,7.07,0,6.27,7.73,6.26,89.2,3,2975,0.329,0
2026-04-15,Imphal East,Manipur,24.82,93.95,12.3,0,4.44,7.19,8.01,79.6,2,1495,0.343,0
2026-04-16,Imphal East,Manipur,24.82,93.95,4.59,0,4.4,6.53,9.02,52.4,2,2927,0.221,0
2026-04-17,Imphal East,Manipur,24.82,93.95,28.88,0,8.18,6.65,6.73,146.1,0,1338,0.556,1
2026-04-18,Imphal East,Manipur,24.82,93.95,0.31,1,9.04,7.0,6.74,113.4,0,503,0.329,0
2026-04-19,Imphal East,Manipur,24.82,93.95,1.8,2,4.41,7.28,6.27,82.1,0,2679,0.174,0
2026-04-20,Imphal East,Manipur,24.82,93.95,13.05,0,2.54,7.11,6.0,96.0,0,868,0.284,0
2026-04-21,Imphal East,Manipur,24.82,93.95,3.14,0,4.14,7.1,8.89,69.5,1,1803,0.202,0
2026-04-22,Imphal East,Manipur,24.82,93.95,7.82,0,6.51,7.51,6.83,77.5,2,2737,0.371,0
2026-04-23,Imphal East,Manipur,24.82,93.95,3.02,0,7.5,7.34,8.63,73.3,2,1086,0.398,0
2026-04-24,Imphal East,Manipur,24.82,93.95,13.19,0,5.23,6.54,6.17,95.0,2,1007,0.399,0
2026-04-25,Imphal East,Manipur,24.82,93.95,2.07,0,4.53,7.45,6.55,14.6,3,658,0.313,0
2026-04-26,Imphal East,Manipur,24.82,93.95,5.85,0,5.6,6.65,5.61,43.3,2,2191,0.254,0
2026-04-27,Imphal East,Manipur,24.82,93.95,0.87,1,4.14,6.84,6.43,95.9,2,2890,0.203,0
2026-04-28,Imphal East,Manipur,24.82,93.95,3.67,0,6.29,7.26,5.55,115.3,2,2514,0.286,0
2026-04-29,Imphal East,Manipur,24.82,93.95,15.89,0,6.38,6.74,7.04,93.2,2,438,0.413,0
2026-04-30,Imphal East,Manipur,24.82,93.95,3.15,0,7.76,6.79,7.99,147.1,0,2335,0.226,0
2026-05-01,Imphal East,Manipur,24.82,93.95,5.31,0,1.79,6.34,6.62,74.4,0,337,0.263,0
2026-05-02,Imphal East,Manipur,24.82,93.95,0.41,1,6.87,7.78,6.63,107.2,3,1689,0.376,0
2026-05-03,Imphal East,Manipur,24.82,93.95,2.57,0,6.19,6.59,4.21,107.2,1,1012,0.234,0
2026-05-04,Imphal East,Manipur,24.82,93.95,2.26,0,8.17,6.07,9.9,103.7,1,1300,0.344,0
2026-05-05,Imphal East,Manipur,24.82,93.95,1.67,1,6.75,7.02,5.38,47.9,0,943,0.311,0
2026-05-06,Imphal East,Manipur,24.82,93.95,1.42,2,5.7,6.42,7.14,125.3,1,1489,0.271,0
2026-05-07,Imphal East,Manipur,24.82,93.95,1.34,3,4.23,7.7,6.88,64.5,2,306,0.158,0
2026-05-08,Imphal East,Manipur,24.82,93.95,0.75,4,2.62,6.25,6.18,72.0,2,1449,0.218,0
2026-05-09,Imphal East,Manipur,24.82,93.95,7.12,0,7.98,7.25,6.18,120.4,0,2582,0.329,0
2026-05-10,Imphal East,Manipur,24.82,93.95,1.96,1,0.5,7.22,5.06,9.2,2,2647,0.146,0
2026-05-11,Imphal East,Manipur,24.82,93.95,0.99,2,2.07,8.26,7.14,34.1,1,2476,0.236,0
2026-05-12,Imphal East,Manipur,24.82,93.95,4.93,0,5.79,6.66,5.78,76.6,1,2105,0.242,0
2026-05-13,Imphal East,Manipur,24.82,93.95,11.21,0,6.06,7.37,6.92,88.0,2,2681,0.381,0
2026-05-14,Imphal East,Manipur,24.82,93.95,7.55,0,5.15,7.64,6.7,101.4,2,2905,0.352,0
2026-05-15,Imphal East,Manipur,24.82,93.95,9.6,0,4.52,7.01,6.03,92.5,3,1436,0.398,0
2026-05-16,Imphal East,Manipur,24.82,93.95,1.91,1,1.55,7.3,8.89,67.3,2,1706,0.201,0
2026-05-17,Imphal East,Manipur,24.82,93.95,11.74,0,0.95,6.91,8.44,67.2,3,1217,0.453,1
2026-05-18,Imphal East,Manipur,24.82,93.95,5.55,0,3.79,7.3,7.5,62.3,2,2837,0.361,0
2026-05-19,Imphal East,Manipur,24.82,93.95,26.02,0,3.45,6.85,6.67,95.8,0,303,0.416,0
2026-05-20,Imphal East,Manipur,24.82,93.95,6.02,0,8.52,7.36,7.45,95.1,4,1342,0.521,1
2026-05-21,Imphal East,Manipur,24.82,93.95,24.19,0,9.37,7.52,5.63,75.1,2,1960,0.55,1
2026-05-22,Imphal East,Manipur,24.82,93.95,5.9,0,3.49,7.3,7.4,106.1,1,2171,0.204,0
2026-05-23,Imphal East,Manipur,24.82,93.95,17.02,0,6.54,7.75,7.27,92.2,2,567,0.498,1
2026-05-24,Imphal East,Manipur,24.82,93.95,1.37,1,2.12,7.08,8.85,90.7,4,2077,0.34,0
2026-05-25,Imphal East,Manipur,24.82,93.95,7.81,0,0.85,6.65,4.54,44.1,1,422,0.246,0
2026-05-26,Imphal East,Manipur,24.82,93.95,0.61,1,4.37,7.35,7.37,109.8,3,512,0.333,0
2026-05-27,Imphal East,Manipur,24.82,93.95,9.44,0,4.22,7.51,6.91,128.8,4,2510,0.441,0
2026-05-28,Imphal East,Manipur,24.82,93.95,6.49,0,6.09,7.0,8.56,75.6,4,1688,0.397,0
2026-05-29,Imphal East,Manipur,24.82,93.95,9.36,0,2.38,6.46,4.9,109.1,0,2954,0.338,0
2026-05-30,Imphal East,Manipur,24.82,93.95,14.7,0,6.11,6.94,6.1,89.6,0,318,0.239,0
2026-05-31,Imphal East,Manipur,24.82,93.95,1.56,1,4.48,6.43,8.52,66.7,2,323,0.287,0
2026-06-01,Imphal East,Manipur,24.82,93.95,22.22,0,9.45,7.31,5.63,115.2,1,2996,0.448,0
2026-06-02,Imphal East,Manipur,24.82,93.95,40.54,0,8.15,7.6,8.75,136.8,3,2241,0.768,1
2026-06-03,Imphal East,Manipur,24.82,93.95,11.4,0,5.87,7.18,5.84,153.0,1,2814,0.331,0
2026-06-04,Imphal East,Manipur,24.82,93.95,23.9,0,5.6,7.95,6.72,112.9,2,559,0.444,0
2026-06-05,Imphal East,Manipur,24.82,93.95,22.21,0,4.88,6.41,7.18,114.1,2,454,0.437,0
2026-06-06,Imphal East,Manipur,24.82,93.95,0.51,1,3.73,6.45,6.61,32.9,3,846,0.346,0
2026-06-07,Imphal East,Manipur,24.82,93.95,4.89,0,4.18,5.78,5.07,53.9,1,2126,0.272,0
2026-06-08,Imphal East,Manipur,24.82,93.95,13.89,0,5.27,6.55,7.0,127.2,2,2618,0.445,0
2026-06-09,Imphal East,Manipur,24.82,93.95,43.47,0,6.19,6.33,6.55,42.2,3,2019,0.821,1
2026-06-10,Imphal East,Manipur,24.82,93.95,23.68,0,5.26,6.34,9.25,148.1,3,2890,0.594,1
2026-06-11,Imphal East,Manipur,24.82,93.95,16.36,0,5.89,6.56,8.24,96.3,2,2728,0.466,1
2026-06-12,Imphal East,Manipur,24.82,93.95,97.34,0,10.77,5.94,4.46,109.3,3,2486,0.95,1
2026-06-13,Imphal East,Manipur,24.82,93.95,18.51,0,7.95,7.47,5.16,166.6,1,2988,0.413,0
2026-06-14,Imphal East,Manipur,24.82,93.95,2.68,0,2.73,7.15,6.82,57.7,2,1212,0.279,0
2026-06-15,Imphal East,Manipur,24.82,93.95,11.53,0,3.95,7.21,5.31,89.6,2,942,0.36,0
2026-06-16,Imphal East,Manipur,24.82,93.95,42.03,0,9.16,7.88,7.27,127.9,1,596,0.68,1
2026-06-17,Imphal East,Manipur,24.82,93.95,31.58,0,3.63,6.45,7.27,99.0,1,1015,0.46,1
2026-06-18,Imphal East,Manipur,24.82,93.95,22.51,0,7.32,7.04,4.85,130.5,3,575,0.538,1
2026-06-19,Imphal East,Manipur,24.82,93.95,7.14,0,4.43,6.96,6.53,79.9,2,1966,0.369,0
2026-06-20,Imphal East,Manipur,24.82,93.95,9.84,0,2.68,8.35,5.53,92.1,0,772,0.211,0
2026-06-21,Imphal East,Manipur,24.82,93.95,37.96,0,10.63,6.83,5.91,123.0,3,2138,0.836,1
2026-06-22,Imphal East,Manipur,24.82,93.95,7.6,0,8.42,6.85,5.33,112.8,4,2275,0.41,0
2026-06-23,Imphal East,Manipur,24.82,93.95,0.36,1,1.47,5.75,6.22,126.1,2,1416,0.192,0
2026-06-24,Imphal East,Manipur,24.82,93.95,72.6,0,13.73,6.63,7.09,168.9,2,1544,0.859,1
2026-06-25,Imphal East,Manipur,24.82,93.95,89.59,0,11.73,7.54,6.59,205.6,3,1157,0.851,1
2026-06-26,Imphal East,Manipur,24.82,93.95,35.32,0,3.65,7.0,4.59,59.2,2,1737,0.513,1
2026-06-27,Imphal East,Manipur,24.82,93.95,3.26,0,6.17,7.44,5.65,110.2,2,1896,0.322,0
2026-06-28,Imphal East,Manipur,24.82,93.95,24.85,0,7.47,6.92,6.22,126.2,1,2518,0.46,1
2026-06-29,Imphal East,Manipur,24.82,93.95,27.19,0,9.72,6.56,9.69,181.8,1,1726,0.6,1
2026-01-01,Dimapur,Nagaland,25.9,93.72,0.92,1,1.84,7.34,7.38,28.8,3,1591,0.253,0
2026-01-02,Dimapur,Nagaland,25.9,93.72,1.29,2,1.81,5.65,6.9,56.3,1,2427,0.272,0
2026-01-03,Dimapur,Nagaland,25.9,93.72,0.55,3,3.29,6.24,6.3,94.3,2,2000,0.204,0
2026-01-04,Dimapur,Nagaland,25.9,93.72,18.27,0,5.14,6.53,8.15,100.7,4,2884,0.496,1
2026-01-05,Dimapur,Nagaland,25.9,93.72,3.56,0,4.83,6.4,4.78,92.3,3,2115,0.389,0
2026-01-06,Dimapur,Nagaland,25.9,93.72,10.49,0,7.41,8.14,5.92,151.2,0,1743,0.292,0
2026-01-07,Dimapur,Nagaland,25.9,93.72,4.26,0,3.59,7.36,6.56,85.0,1,1556,0.193,0
2026-01-08,Dimapur,Nagaland,25.9,93.72,9.53,0,7.8,6.54,6.13,116.8,3,1240,0.436,0
2026-01-09,Dimapur,Nagaland,25.9,93.72,2.05,0,5.28,7.34,7.33,101.3,3,2689,0.421,0
2026-01-10,Dimapur,Nagaland,25.9,93.72,1.94,1,0.5,6.69,5.27,62.4,1,445,0.084,0
2026-01-11,Dimapur,Nagaland,25.9,93.72,23.32,0,5.97,7.39,5.86,66.2,2,2200,0.488,1
2026-01-12,Dimapur,Nagaland,25.9,93.72,6.68,0,2.16,6.07,5.62,52.5,2,1029,0.284,0
2026-01-13,Dimapur,Nagaland,25.9,93.72,27.55,0,8.21,7.36,6.46,100.4,2,1777,0.621,1
2026-01-14,Dimapur,Nagaland,25.9,93.72,6.0,0,1.01,7.87,7.58,65.6,2,950,0.329,0
2026-01-15,Dimapur,Nagaland,25.9,93.72,2.06,0,0.68,8.04,4.95,57.2,3,1342,0.301,0
2026-01-16,Dimapur,Nagaland,25.9,93.72,10.97,0,5.5,5.88,7.72,119.3,1,2839,0.316,0
2026-01-17,Dimapur,Nagaland,25.9,93.72,3.82,0,5.11,6.98,5.71,29.4,0,2478,0.228,0
2026-01-18,Dimapur,Nagaland,25.9,93.72,3.8,0,7.29,8.35,5.94,103.3,3,2273,0.475,1
2026-01-19,Dimapur,Nagaland,25.9,93.72,7.09,0,3.91,6.98,5.18,135.2,1,2523,0.298,0
2026-01-20,Dimapur,Nagaland,25.9,93.72,1.0,1,7.72,7.4,7.8,122.2,2,2850,0.281,0
2026-01-21,Dimapur,Nagaland,25.9,93.72,8.14,0,6.63,6.06,7.63,138.4,2,2694,0.305,0
2026-01-22,Dimapur,Nagaland,25.9,93.72,11.61,0,3.62,7.02,5.42,59.4,1,2738,0.276,0
2026-01-23,Dimapur,Nagaland,25.9,93.72,0.18,1,4.33,7.64,7.33,89.9,3,1600,0.276,0
2026-01-24,Dimapur,Nagaland,25.9,93.72,20.54,0,3.84,7.71,6.32,14.2,1,1268,0.338,0
2026-01-25,Dimapur,Nagaland,25.9,93.72,6.04,0,7.77,6.16,4.77,61.2,1,1215,0.397,0
2026-01-26,Dimapur,Nagaland,25.9,93.72,8.97,0,7.37,7.34,7.8,118.9,2,2729,0.275,0
2026-01-27,Dimapur,Nagaland,25.9,93.72,0.55,1,0.5,7.52,5.3,27.9,5,635,0.327,0
2026-01-28,Dimapur,Nagaland,25.9,93.72,4.7,0,3.21,6.72,5.89,49.3,2,2959,0.236,0
2026-01-29,Dimapur,Nagaland,25.9,93.72,2.0,0,0.5,5.57,6.92,68.8,3,2117,0.46,1
2026-01-30,Dimapur,Nagaland,25.9,93.72,5.5,0,5.11,7.42,7.16,89.9,1,2946,0.321,0
2026-01-31,Dimapur,Nagaland,25.9,93.72,19.35,0,8.34,7.01,6.57,108.7,2,2966,0.438,0
2026-02-01,Dimapur,Nagaland,25.9,93.72,6.49,0,3.25,7.0,7.3,67.0,2,2597,0.343,0
2026-02-02,Dimapur,Nagaland,25.9,93.72,1.92,1,3.44,6.22,7.03,34.5,2,2225,0.259,0
2026-02-03,Dimapur,Nagaland,25.9,93.72,0.07,2,6.01,7.29,5.27,100.1,1,2494,0.132,0
2026-02-04,Dimapur,Nagaland,25.9,93.72,1.24,3,4.9,6.29,7.61,36.1,1,1318,0.284,0
2026-02-05,Dimapur,Nagaland,25.9,93.72,2.78,0,2.58,6.33,3.7,108.1,6,343,0.404,0
2026-02-06,Dimapur,Nagaland,25.9,93.72,9.41,0,4.92,7.62,7.81,65.2,1,499,0.262,0
2026-02-07,Dimapur,Nagaland,25.9,93.72,13.14,0,4.2,7.26,6.51,78.8,1,2649,0.233,0
2026-02-08,Dimapur,Nagaland,25.9,93.72,4.52,0,4.5,6.6,5.07,86.5,0,2849,0.159,0
2026-02-09,Dimapur,Nagaland,25.9,93.72,12.02,0,6.1,6.73,7.77,83.3,3,704,0.374,0
2026-02-10,Dimapur,Nagaland,25.9,93.72,12.56,0,4.72,6.41,5.87,66.5,2,1545,0.341,0
2026-02-11,Dimapur,Nagaland,25.9,93.72,15.61,0,7.89,7.64,4.96,80.4,2,1061,0.62,1
2026-02-12,Dimapur,Nagaland,25.9,93.72,10.09,0,0.94,6.21,6.53,23.6,0,2480,0.259,0
2026-02-13,Dimapur,Nagaland,25.9,93.72,5.9,0,6.89,7.27,5.38,81.9,0,1743,0.28,0
2026-02-14,Dimapur,Nagaland,25.9,93.72,3.02,0,1.16,6.86,4.75,87.4,2,2665,0.286,0
2026-02-15,Dimapur,Nagaland,25.9,93.72,12.11,0,4.2,6.25,7.8,111.4,2,2219,0.344,0
2026-02-16,Dimapur,Nagaland,25.9,93.72,1.08,1,4.21,6.18,6.55,62.2,1,1093,0.147,0
2026-02-17,Dimapur,Nagaland,25.9,93.72,15.79,0,5.03,6.57,8.55,148.4,2,870,0.444,0
2026-02-18,Dimapur,Nagaland,25.9,93.72,1.34,1,4.95,6.74,6.61,115.1,1,717,0.152,0
2026-02-19,Dimapur,Nagaland,25.9,93.72,1.54,2,3.37,6.72,7.46,79.2,0,2086,0.296,0
2026-02-20,Dimapur,Nagaland,25.9,93.72,0.17,3,5.03,5.68,6.96,113.2,0,2263,0.244,0
2026-02-21,Dimapur,Nagaland,25.9,93.72,5.99,0,5.92,7.06,5.98,87.4,2,1426,0.339,0
2026-02-22,Dimapur,Nagaland,25.9,93.72,1.5,1,6.24,7.96,5.66,107.2,2,2698,0.318,0
2026-02-23,Dimapur,Nagaland,25.9,93.72,34.79,0,8.39,5.97,7.03,82.2,3,2849,0.723,1
2026-02-24,Dimapur,Nagaland,25.9,93.72,2.46,0,0.5,7.66,6.54,46.3,4,1812,0.37,0
2026-02-25,Dimapur,Nagaland,25.9,93.72,9.47,0,3.37,7.82,7.77,35.4,4,1455,0.413,0
2026-02-26,Dimapur,Nagaland,25.9,93.72,5.18,0,4.79,5.87,6.56,114.3,3,1708,0.337,0
2026-02-27,Dimapur,Nagaland,25.9,93.72,2.34,0,3.79,6.25,7.55,79.0,2,1501,0.345,0
2026-02-28,Dimapur,Nagaland,25.9,93.72,2.64,0,5.0,6.06,6.52,77.5,3,1349,0.431,0
2026-03-01,Dimapur,Nagaland,25.9,93.72,5.83,0,2.77,7.1,6.47,65.9,0,1934,0.246,0
2026-03-02,Dimapur,Nagaland,25.9,93.72,20.46,0,6.87,7.32,6.62,30.6,1,2177,0.424,0
2026-03-03,Dimapur,Nagaland,25.9,93.72,8.63,0,7.93,7.31,7.45,95.1,5,939,0.562,1
2026-03-04,Dimapur,Nagaland,25.9,93.72,0.28,1,4.47,6.48,7.54,82.6,4,2712,0.358,0
2026-03-05,Dimapur,Nagaland,25.9,93.72,13.34,0,4.93,7.44,5.38,90.8,2,504,0.412,0
2026-03-06,Dimapur,Nagaland,25.9,93.72,10.16,0,8.44,7.46,8.8,128.2,2,1769,0.391,0
2026-03-07,Dimapur,Nagaland,25.9,93.72,4.18,0,8.12,7.66,3.77,108.9,0,858,0.454,1
2026-03-08,Dimapur,Nagaland,25.9,93.72,7.43,0,2.66,8.01,6.79,93.1,5,302,0.478,1
2026-03-09,Dimapur,Nagaland,25.9,93.72,6.32,0,3.93,7.41,6.67,67.7,1,1068,0.25,0
2026-03-10,Dimapur,Nagaland,25.9,93.72,13.47,0,6.78,8.09,6.4,123.7,3,1947,0.488,1
2026-03-11,Dimapur,Nagaland,25.9,93.72,3.06,0,4.17,6.04,6.13,100.3,2,1030,0.364,0
2026-03-12,Dimapur,Nagaland,25.9,93.72,10.68,0,2.96,6.96,6.4,96.8,2,2382,0.402,0
2026-03-13,Dimapur,Nagaland,25.9,93.72,5.76,0,2.46,6.76,5.85,29.5,2,659,0.292,0
2026-03-14,Dimapur,Nagaland,25.9,93.72,1.11,1,5.02,5.17,7.73,133.3,1,2416,0.203,0
2026-03-15,Dimapur,Nagaland,25.9,93.72,11.36,0,2.9,6.2,7.54,112.5,5,2416,0.521,1
2026-03-16,Dimapur,Nagaland,25.9,93.72,16.68,0,5.13,6.72,7.95,90.5,2,2641,0.342,0
2026-03-17,Dimapur,Nagaland,25.9,93.72,9.98,0,3.36,7.54,6.65,71.7,3,1905,0.522,1
2026-03-18,Dimapur,Nagaland,25.9,93.72,14.84,0,3.15,6.09,6.58,102.3,1,1460,0.396,0
2026-03-19,Dimapur,Nagaland,25.9,93.72,11.48,0,5.85,7.34,6.98,124.7,0,2789,0.311,0
2026-03-20,Dimapur,Nagaland,25.9,93.72,5.76,0,2.1,7.2,5.55,84.8,0,2453,0.195,0
2026-03-21,Dimapur,Nagaland,25.9,93.72,6.97,0,6.15,6.62,7.19,95.9,3,1478,0.386,0
2026-03-22,Dimapur,Nagaland,25.9,93.72,34.41,0,9.04,7.9,7.16,153.5,1,937,0.597,1
2026-03-23,Dimapur,Nagaland,25.9,93.72,0.07,1,5.76,6.46,2.86,111.5,1,1553,0.139,0
2026-03-24,Dimapur,Nagaland,25.9,93.72,0.73,2,3.57,7.07,6.31,68.0,3,1867,0.283,0
2026-03-25,Dimapur,Nagaland,25.9,93.72,4.11,0,1.84,7.47,5.92,101.9,2,2128,0.283,0
2026-03-26,Dimapur,Nagaland,25.9,93.72,9.54,0,4.46,6.86,3.84,60.2,1,2528,0.353,0
2026-03-27,Dimapur,Nagaland,25.9,93.72,1.31,1,8.21,7.16,6.75,100.9,1,1728,0.195,0
2026-03-28,Dimapur,Nagaland,25.9,93.72,4.76,0,0.97,5.67,7.55,28.2,3,2610,0.418,0
2026-03-29,Dimapur,Nagaland,25.9,93.72,16.98,0,2.35,6.66,6.13,58.7,4,1619,0.476,1
2026-03-30,Dimapur,Nagaland,25.9,93.72,8.12,0,6.91,6.39,6.93,94.5,2,2913,0.349,0
2026-03-31,Dimapur,Nagaland,25.9,93.72,6.51,0,5.11,6.89,7.28,64.7,2,2044,0.304,0
2026-04-01,Dimapur,Nagaland,25.9,93.72,7.82,0,4.51,6.18,6.79,139.7,1,455,0.345,0
2026-04-02,Dimapur,Nagaland,25.9,93.72,1.51,1,3.95,7.8,5.51,60.1,0,520,0.159,0
2026-04-03,Dimapur,Nagaland,25.9,93.72,1.65,2,1.59,6.22,4.04,51.3,0,1370,0.21,0
2026-04-04,Dimapur,Nagaland,25.9,93.72,9.74,0,4.89,6.24,5.2,48.9,5,2757,0.543,1
2026-04-05,Dimapur,Nagaland,25.9,93.72,17.73,0,8.4,6.99,5.46,110.8,0,1609,0.468,1
2026-04-06,Dimapur,Nagaland,25.9,93.72,0.42,1,2.17,6.57,5.43,33.1,0,1432,0.187,0
2026-04-07,Dimapur,Nagaland,25.9,93.72,5.71,0,5.33,6.65,4.71,73.2,2,1613,0.284,0
2026-04-08,Dimapur,Nagaland,25.9,93.72,5.39,0,5.55,7.64,5.95,95.4,2,1091,0.325,0
2026-04-09,Dimapur,Nagaland,25.9,93.72,1.69,1,2.66,6.94,8.24,51.4,1,1645,0.156,0
2026-04-10,Dimapur,Nagaland,25.9,93.72,0.89,2,3.36,6.25,7.65,75.6,0,1517,0.158,0
2026-04-11,Dimapur,Nagaland,25.9,93.72,8.92,0,5.22,7.9,4.92,103.6,1,2642,0.346,0
2026-04-12,Dimapur,Nagaland,25.9,93.72,8.21,0,5.0,7.15,8.06,64.2,0,2151,0.196,0
2026-04-13,Dimapur,Nagaland,25.9,93.72,3.99,0,5.43,8.6,7.8,133.7,2,1209,0.325,0
2026-04-14,Dimapur,Nagaland,25.9,93.72,13.71,0,5.75,5.88,8.95,66.1,4,2142,0.474,1
2026-04-15,Dimapur,Nagaland,25.9,93.72,6.07,0,5.75,7.38,7.34,68.3,2,872,0.227,0
2026-04-16,Dimapur,Nagaland,25.9,93.72,1.21,1,2.76,7.37,5.07,38.7,1,2647,0.203,0
2026-04-17,Dimapur,Nagaland,25.9,93.72,11.76,0,8.77,6.81,5.73,132.7,3,2064,0.503,1
2026-04-18,Dimapur,Nagaland,25.9,93.72,10.97,0,8.4,7.96,7.58,83.3,3,1550,0.567,1
2026-04-19,Dimapur,Nagaland,25.9,93.72,12.1,0,5.74,7.02,6.21,91.6,0,2746,0.328,0
2026-04-20,Dimapur,Nagaland,25.9,93.72,17.27,0,8.27,7.35,5.03,132.6,1,2214,0.426,0
2026-04-21,Dimapur,Nagaland,25.9,93.72,0.9,1,2.85,6.94,6.83,51.9,1,1865,0.209,0
2026-04-22,Dimapur,Nagaland,25.9,93.72,9.96,0,4.71,6.5,6.02,110.3,3,1821,0.359,0
2026-04-23,Dimapur,Nagaland,25.9,93.72,6.1,0,6.23,6.57,6.56,103.6,2,1765,0.418,0
2026-04-24,Dimapur,Nagaland,25.9,93.72,6.15,0,4.55,7.42,7.9,113.2,2,2156,0.302,0
2026-04-25,Dimapur,Nagaland,25.9,93.72,12.46,0,3.54,6.81,7.96,68.1,3,345,0.493,1
2026-04-26,Dimapur,Nagaland,25.9,93.72,15.9,0,5.99,6.51,6.46,40.6,1,1977,0.419,0
2026-04-27,Dimapur,Nagaland,25.9,93.72,3.26,0,2.92,7.38,7.25,123.3,1,1354,0.204,0
2026-04-28,Dimapur,Nagaland,25.9,93.72,13.03,0,8.15,6.65,5.42,101.7,3,1487,0.524,1
2026-04-29,Dimapur,Nagaland,25.9,93.72,4.28,0,0.5,6.56,6.26,70.8,4,1293,0.405,0
2026-04-30,Dimapur,Nagaland,25.9,93.72,2.45,0,3.18,6.91,7.1,67.2,1,2701,0.262,0
2026-05-01,Dimapur,Nagaland,25.9,93.72,60.89,0,8.79,6.8,8.9,111.1,3,634,0.82,1
2026-05-02,Dimapur,Nagaland,25.9,93.72,4.46,0,6.38,8.52,5.2,102.7,2,1816,0.41,0
2026-05-03,Dimapur,Nagaland,25.9,93.72,7.32,0,3.63,6.46,7.44,22.5,5,993,0.559,1
2026-05-04,Dimapur,Nagaland,25.9,93.72,19.25,0,7.66,7.1,7.77,75.5,0,2215,0.352,0
2026-05-05,Dimapur,Nagaland,25.9,93.72,14.42,0,6.35,6.54,4.61,88.6,2,764,0.467,1
2026-05-06,Dimapur,Nagaland,25.9,93.72,21.03,0,8.12,7.02,3.99,103.9,1,2355,0.468,1
2026-05-07,Dimapur,Nagaland,25.9,93.72,7.16,0,2.61,7.58,4.89,81.6,2,2536,0.351,0
2026-05-08,Dimapur,Nagaland,25.9,93.72,39.96,0,8.72,6.66,9.23,110.8,0,1701,0.601,1
2026-05-09,Dimapur,Nagaland,25.9,93.72,4.75,0,4.77,7.92,5.15,62.6,0,2616,0.302,0
2026-05-10,Dimapur,Nagaland,25.9,93.72,10.87,0,7.32,6.85,5.73,110.6,2,2151,0.356,0
2026-05-11,Dimapur,Nagaland,25.9,93.72,8.53,0,3.82,7.0,8.31,104.0,2,2527,0.371,0
2026-05-12,Dimapur,Nagaland,25.9,93.72,3.86,0,3.63,7.96,7.27,59.4,5,857,0.424,0
2026-05-13,Dimapur,Nagaland,25.9,93.72,2.44,0,2.42,6.99,5.54,76.0,1,1785,0.23,0
2026-05-14,Dimapur,Nagaland,25.9,93.72,0.13,1,6.67,6.48,8.84,97.9,1,1842,0.24,0
2026-05-15,Dimapur,Nagaland,25.9,93.72,0.26,2,5.63,6.97,8.47,54.6,4,1063,0.289,0
2026-05-16,Dimapur,Nagaland,25.9,93.72,3.65,0,7.05,6.37,6.27,147.0,3,2292,0.389,0
2026-05-17,Dimapur,Nagaland,25.9,93.72,5.76,0,3.17,6.66,8.81,42.3,3,667,0.367,0
2026-05-18,Dimapur,Nagaland,25.9,93.72,5.87,0,2.68,6.65,6.8,121.2,3,2931,0.338,0
2026-05-19,Dimapur,Nagaland,25.9,93.72,12.43,0,5.69,7.04,5.57,85.2,4,2008,0.53,1
2026-05-20,Dimapur,Nagaland,25.9,93.72,16.2,0,7.47,6.72,9.2,139.9,2,1064,0.552,1
2026-05-21,Dimapur,Nagaland,25.9,93.72,3.24,0,3.27,7.47,4.75,83.2,2,2592,0.236,0
2026-05-22,Dimapur,Nagaland,25.9,93.72,12.6,0,6.95,7.14,7.19,116.9,1,1368,0.355,0
2026-05-23,Dimapur,Nagaland,25.9,93.72,22.82,0,1.49,6.59,5.92,5.7,3,2373,0.431,0
2026-05-24,Dimapur,Nagaland,25.9,93.72,14.13,0,2.87,6.47,6.31,42.6,1,705,0.359,0
2026-05-25,Dimapur,Nagaland,25.9,93.72,2.31,0,5.82,7.37,5.5,54.6,0,1917,0.17,0
2026-05-26,Dimapur,Nagaland,25.9,93.72,2.64,0,7.9,7.17,8.7,67.3,1,1445,0.3,0
2026-05-27,Dimapur,Nagaland,25.9,93.72,29.16,0,7.85,5.9,7.48,67.4,1,2661,0.556,1
2026-05-28,Dimapur,Nagaland,25.9,93.72,6.67,0,1.5,7.26,5.59,57.8,3,807,0.4,0
2026-05-29,Dimapur,Nagaland,25.9,93.72,3.05,0,7.32,7.73,5.8,122.3,2,1959,0.292,0
2026-05-30,Dimapur,Nagaland,25.9,93.72,1.06,1,1.63,7.03,7.05,55.5,2,2126,0.229,0
2026-05-31,Dimapur,Nagaland,25.9,93.72,9.85,0,6.19,6.75,6.41,102.3,0,1091,0.286,0
2026-06-01,Dimapur,Nagaland,25.9,93.72,13.21,0,8.69,6.13,7.52,122.2,2,339,0.519,1
2026-06-02,Dimapur,Nagaland,25.9,93.72,4.01,0,5.65,7.38,5.56,65.8,3,1673,0.462,1
2026-06-03,Dimapur,Nagaland,25.9,93.72,5.51,0,2.33,6.42,4.93,88.3,1,1103,0.294,0
2026-06-04,Dimapur,Nagaland,25.9,93.72,10.13,0,7.13,7.47,7.6,77.4,2,2996,0.401,0
2026-06-05,Dimapur,Nagaland,25.9,93.72,13.27,0,5.25,6.77,6.46,92.4,2,861,0.358,0
2026-06-06,Dimapur,Nagaland,25.9,93.72,23.42,0,7.3,7.54,6.27,65.1,4,2551,0.601,1
2026-06-07,Dimapur,Nagaland,25.9,93.72,23.71,0,6.83,6.32,5.55,114.0,1,2460,0.442,0
2026-06-08,Dimapur,Nagaland,25.9,93.72,5.82,0,4.69,6.55,7.24,98.2,1,1548,0.319,0
2026-06-09,Dimapur,Nagaland,25.9,93.72,16.36,0,7.05,7.48,9.13,132.9,4,1312,0.619,1
2026-06-10,Dimapur,Nagaland,25.9,93.72,48.52,0,9.03,6.67,6.13,154.2,2,1489,0.803,1
2026-06-11,Dimapur,Nagaland,25.9,93.72,41.87,0,9.18,6.33,5.09,158.6,1,774,0.802,1
2026-06-12,Dimapur,Nagaland,25.9,93.72,33.27,0,5.39,7.01,5.99,117.3,1,2426,0.523,1
2026-06-13,Dimapur,Nagaland,25.9,93.72,11.94,0,4.94,6.35,5.5,73.7,1,842,0.223,0
2026-06-14,Dimapur,Nagaland,25.9,93.72,12.66,0,5.24,7.16,8.18,167.9,1,2790,0.247,0
2026-06-15,Dimapur,Nagaland,25.9,93.72,9.78,0,3.86,7.33,5.32,83.8,2,2617,0.308,0
2026-06-16,Dimapur,Nagaland,25.9,93.72,48.74,0,12.13,7.14,6.04,119.5,4,1586,0.934,1
2026-06-17,Dimapur,Nagaland,25.9,93.72,25.44,0,7.01,7.06,7.99,109.7,2,1370,0.469,1
2026-06-18,Dimapur,Nagaland,25.9,93.72,4.41,0,3.46,5.41,6.74,27.4,2,991,0.335,0
2026-06-19,Dimapur,Nagaland,25.9,93.72,4.79,0,6.42,5.96,6.88,124.1,4,897,0.481,1
2026-06-20,Dimapur,Nagaland,25.9,93.72,2.51,0,4.12,7.06,5.84,67.7,0,1665,0.23,0
2026-06-21,Dimapur,Nagaland,25.9,93.72,62.05,0,10.14,6.86,5.48,147.7,2,1627,0.861,1
2026-06-22,Dimapur,Nagaland,25.9,93.72,51.44,0,12.67,6.9,5.13,137.3,1,1811,0.947,1
2026-06-23,Dimapur,Nagaland,25.9,93.72,25.85,0,7.54,7.67,5.52,88.8,4,2563,0.614,1
2026-06-24,Dimapur,Nagaland,25.9,93.72,12.05,0,3.7,5.7,7.05,46.5,4,2687,0.471,1
2026-06-25,Dimapur,Nagaland,25.9,93.72,1.09,1,3.26,6.86,6.67,64.7,1,1212,0.228,0
2026-06-26,Dimapur,Nagaland,25.9,93.72,24.96,0,7.64,6.57,8.02,82.0,0,453,0.381,0
2026-06-27,Dimapur,Nagaland,25.9,93.72,6.11,0,6.74,7.0,6.56,94.2,2,758,0.371,0
2026-06-28,Dimapur,Nagaland,25.9,93.72,10.74,0,7.34,7.87,6.91,101.8,3,2842,0.431,0
2026-06-29,Dimapur,Nagaland,25.9,93.72,103.0,0,17.84,6.85,5.89,231.1,8,2965,0.955,1
2026-01-01,Agartala Rural,Tripura,23.83,91.28,5.45,0,5.33,6.56,5.95,92.8,3,2745,0.362,0
2026-01-02,Agartala Rural,Tripura,23.83,91.28,0.36,1,0.66,5.81,8.07,94.0,2,1512,0.246,0
2026-01-03,Agartala Rural,Tripura,23.83,91.28,3.76,0,6.84,7.32,7.04,53.0,1,1316,0.249,0
2026-01-04,Agartala Rural,Tripura,23.83,91.28,1.75,1,4.2,7.34,5.11,80.7,5,904,0.443,0
2026-01-05,Agartala Rural,Tripura,23.83,91.28,6.49,0,1.97,6.74,8.26,81.8,2,2677,0.353,0
2026-01-06,Agartala Rural,Tripura,23.83,91.28,1.95,1,5.15,6.77,5.59,168.8,3,1977,0.316,0
2026-01-07,Agartala Rural,Tripura,23.83,91.28,13.16,0,3.27,6.49,7.3,143.9,0,959,0.289,0
2026-01-08,Agartala Rural,Tripura,23.83,91.28,1.93,1,3.63,6.83,7.93,109.7,2,1871,0.261,0
2026-01-09,Agartala Rural,Tripura,23.83,91.28,0.16,2,7.05,7.69,5.17,71.3,2,391,0.244,0
2026-01-10,Agartala Rural,Tripura,23.83,91.28,0.27,3,5.44,6.81,5.12,108.0,4,839,0.337,0
2026-01-11,Agartala Rural,Tripura,23.83,91.28,1.73,4,5.3,6.92,7.44,57.2,4,2355,0.33,0
2026-01-12,Agartala Rural,Tripura,23.83,91.28,15.14,0,8.06,7.65,6.43,133.1,2,2986,0.483,1
2026-01-13,Agartala Rural,Tripura,23.83,91.28,2.01,0,1.95,7.08,6.96,89.8,1,840,0.234,0
2026-01-14,Agartala Rural,Tripura,23.83,91.28,21.42,0,8.42,7.32,6.36,116.3,2,1898,0.599,1
2026-01-15,Agartala Rural,Tripura,23.83,91.28,1.7,1,4.08,6.84,7.43,41.2,1,1188,0.21,0
2026-01-16,Agartala Rural,Tripura,23.83,91.28,0.33,2,5.4,6.16,4.45,104.4,5,2065,0.331,0
2026-01-17,Agartala Rural,Tripura,23.83,91.28,10.2,0,5.3,6.75,5.29,70.6,4,2168,0.528,1
2026-01-18,Agartala Rural,Tripura,23.83,91.28,13.68,0,6.01,7.89,4.72,75.6,5,1113,0.651,1
2026-01-19,Agartala Rural,Tripura,23.83,91.28,1.9,1,5.35,7.03,6.31,93.6,0,782,0.198,0
2026-01-20,Agartala Rural,Tripura,23.83,91.28,0.88,2,3.93,7.1,8.25,110.6,1,1264,0.125,0
2026-01-21,Agartala Rural,Tripura,23.83,91.28,4.41,0,5.29,6.73,7.29,88.0,1,1772,0.274,0
2026-01-22,Agartala Rural,Tripura,23.83,91.28,18.6,0,7.49,5.43,6.79,121.9,4,1287,0.671,1
2026-01-23,Agartala Rural,Tripura,23.83,91.28,1.95,1,3.47,8.22,7.58,66.3,1,1433,0.305,0
2026-01-24,Agartala Rural,Tripura,23.83,91.28,14.4,0,7.82,6.55,7.88,91.1,1,2841,0.424,0
2026-01-25,Agartala Rural,Tripura,23.83,91.28,22.56,0,10.53,7.7,6.55,138.1,0,2036,0.481,1
2026-01-26,Agartala Rural,Tripura,23.83,91.28,10.91,0,6.99,6.73,7.73,110.9,1,1409,0.328,0
2026-01-27,Agartala Rural,Tripura,23.83,91.28,35.37,0,7.49,6.89,5.86,99.6,3,681,0.691,1
2026-01-28,Agartala Rural,Tripura,23.83,91.28,4.66,0,3.23,6.91,5.7,82.1,2,2278,0.296,0
2026-01-29,Agartala Rural,Tripura,23.83,91.28,6.54,0,4.57,6.71,9.19,29.4,1,1286,0.277,0
2026-01-30,Agartala Rural,Tripura,23.83,91.28,3.58,0,4.25,7.11,7.88,100.6,3,2204,0.338,0
2026-01-31,Agartala Rural,Tripura,23.83,91.28,6.31,0,2.21,6.53,4.9,80.5,3,1617,0.382,0
2026-02-01,Agartala Rural,Tripura,23.83,91.28,8.04,0,3.17,6.7,6.65,35.3,2,1388,0.352,0
2026-02-02,Agartala Rural,Tripura,23.83,91.28,3.42,0,6.06,7.8,5.32,67.1,5,2655,0.496,1
2026-02-03,Agartala Rural,Tripura,23.83,91.28,4.86,0,5.96,7.29,6.32,140.1,1,601,0.371,0
2026-02-04,Agartala Rural,Tripura,23.83,91.28,14.01,0,7.16,6.34,6.23,124.9,2,1332,0.447,0
2026-02-05,Agartala Rural,Tripura,23.83,91.28,1.56,1,2.18,6.82,7.72,106.3,0,533,0.202,0
2026-02-06,Agartala Rural,Tripura,23.83,91.28,4.48,0,3.13,7.8,7.48,47.6,3,1951,0.343,0
2026-02-07,Agartala Rural,Tripura,23.83,91.28,16.23,0,8.96,6.08,5.35,116.5,2,792,0.538,1
2026-02-08,Agartala Rural,Tripura,23.83,91.28,7.58,0,3.39,7.48,7.42,109.3,2,2357,0.336,0
2026-02-09,Agartala Rural,Tripura,23.83,91.28,1.02,1,9.48,6.56,6.33,120.3,2,2221,0.321,0
2026-02-10,Agartala Rural,Tripura,23.83,91.28,0.66,2,7.25,8.01,5.26,151.8,2,1357,0.334,0
2026-02-11,Agartala Rural,Tripura,23.83,91.28,25.71,0,5.99,7.51,8.98,77.7,3,2539,0.664,1
2026-02-12,Agartala Rural,Tripura,23.83,91.28,4.41,0,5.63,6.83,6.06,110.4,0,2993,0.248,0
2026-02-13,Agartala Rural,Tripura,23.83,91.28,15.59,0,3.98,6.46,7.19,126.6,3,607,0.487,1
2026-02-14,Agartala Rural,Tripura,23.83,91.28,2.3,0,5.52,7.06,7.64,127.6,2,796,0.375,0
2026-02-15,Agartala Rural,Tripura,23.83,91.28,17.27,0,4.94,6.31,8.04,126.0,2,1224,0.432,0
2026-02-16,Agartala Rural,Tripura,23.83,91.28,10.78,0,2.24,7.87,7.02,45.7,2,726,0.445,0
2026-02-17,Agartala Rural,Tripura,23.83,91.28,14.58,0,6.3,8.11,7.15,132.3,5,1662,0.584,1
2026-02-18,Agartala Rural,Tripura,23.83,91.28,1.04,1,4.49,7.64,7.45,100.7,3,1162,0.256,0
2026-02-19,Agartala Rural,Tripura,23.83,91.28,4.53,0,3.75,6.63,7.46,80.0,0,338,0.211,0
2026-02-20,Agartala Rural,Tripura,23.83,91.28,0.3,1,4.23,7.37,6.45,25.5,1,1987,0.252,0
2026-02-21,Agartala Rural,Tripura,23.83,91.28,6.01,0,3.81,6.96,6.72,121.6,2,406,0.294,0
2026-02-22,Agartala Rural,Tripura,23.83,91.28,0.45,1,5.3,7.2,7.18,97.7,0,2770,0.119,0
2026-02-23,Agartala Rural,Tripura,23.83,91.28,3.1,0,3.12,7.1,5.16,67.4,0,1789,0.197,0
2026-02-24,Agartala Rural,Tripura,23.83,91.28,5.32,0,2.65,5.92,7.24,81.6,1,922,0.237,0
2026-02-25,Agartala Rural,Tripura,23.83,91.28,3.86,0,6.24,8.2,6.85,70.3,4,1990,0.403,0
2026-02-26,Agartala Rural,Tripura,23.83,91.28,3.72,0,5.92,6.74,7.25,116.9,3,556,0.309,0
2026-02-27,Agartala Rural,Tripura,23.83,91.28,38.88,0,7.06,6.13,4.36,50.6,0,2342,0.661,1
2026-02-28,Agartala Rural,Tripura,23.83,91.28,4.99,0,4.64,6.92,7.91,47.7,2,1922,0.242,0
2026-03-01,Agartala Rural,Tripura,23.83,91.28,1.28,1,4.11,7.29,6.67,114.6,0,866,0.196,0
2026-03-02,Agartala Rural,Tripura,23.83,91.28,1.16,2,7.26,7.07,7.1,88.2,1,940,0.249,0
2026-03-03,Agartala Rural,Tripura,23.83,91.28,0.88,3,6.64,6.44,7.31,95.7,3,2156,0.196,0
2026-03-04,Agartala Rural,Tripura,23.83,91.28,2.97,0,7.38,6.74,7.31,112.9,2,1651,0.354,0
2026-03-05,Agartala Rural,Tripura,23.83,91.28,4.52,0,4.89,6.19,7.39,80.7,2,2665,0.289,0
2026-03-06,Agartala Rural,Tripura,23.83,91.28,2.91,0,3.24,7.17,7.6,102.5,2,2818,0.241,0
2026-03-07,Agartala Rural,Tripura,23.83,91.28,8.8,0,6.8,7.11,7.59,67.3,4,2560,0.476,1
2026-03-08,Agartala Rural,Tripura,23.83,91.28,11.87,0,3.47,7.09,8.79,31.6,3,2749,0.389,0
2026-03-09,Agartala Rural,Tripura,23.83,91.28,20.16,0,8.95,6.44,6.59,163.5,0,1937,0.488,1
2026-03-10,Agartala Rural,Tripura,23.83,91.28,4.45,0,0.5,7.26,6.11,56.6,7,749,0.584,1
2026-03-11,Agartala Rural,Tripura,23.83,91.28,13.25,0,6.18,7.03,6.3,49.9,5,1970,0.494,1
2026-03-12,Agartala Rural,Tripura,23.83,91.28,1.01,1,3.96,7.33,7.89,132.2,2,2883,0.313,0
2026-03-13,Agartala Rural,Tripura,23.83,91.28,8.7,0,5.37,6.45,6.57,108.1,3,1510,0.39,0
2026-03-14,Agartala Rural,Tripura,23.83,91.28,16.58,0,6.33,7.21,6.13,94.5,3,334,0.409,0
2026-03-15,Agartala Rural,Tripura,23.83,91.28,10.88,0,4.67,7.34,7.65,25.9,5,1961,0.446,0
2026-03-16,Agartala Rural,Tripura,23.83,91.28,20.68,0,5.06,7.6,6.94,39.2,2,367,0.5,1
2026-03-17,Agartala Rural,Tripura,23.83,91.28,3.19,0,5.35,7.15,5.88,80.0,1,2908,0.242,0
2026-03-18,Agartala Rural,Tripura,23.83,91.28,0.8,1,2.1,6.06,5.22,78.3,4,1664,0.3,0
2026-03-19,Agartala Rural,Tripura,23.83,91.28,4.48,0,4.61,6.82,6.44,102.0,1,1234,0.292,0
2026-03-20,Agartala Rural,Tripura,23.83,91.28,9.12,0,4.03,7.14,6.57,109.7,1,472,0.253,0
2026-03-21,Agartala Rural,Tripura,23.83,91.28,1.53,1,2.5,6.9,5.67,103.1,2,1577,0.257,0
2026-03-22,Agartala Rural,Tripura,23.83,91.28,0.25,2,3.89,6.91,7.32,104.5,1,1819,0.26,0
2026-03-23,Agartala Rural,Tripura,23.83,91.28,9.09,0,6.32,6.77,6.19,111.5,3,2113,0.525,1
2026-03-24,Agartala Rural,Tripura,23.83,91.28,24.34,0,7.17,7.82,7.2,113.3,3,567,0.607,1
2026-03-25,Agartala Rural,Tripura,23.83,91.28,10.3,0,6.04,6.58,8.83,94.7,2,1484,0.38,0
2026-03-26,Agartala Rural,Tripura,23.83,91.28,6.68,0,6.58,8.3,5.39,78.0,1,522,0.362,0
2026-03-27,Agartala Rural,Tripura,23.83,91.28,3.45,0,5.49,6.9,5.34,59.9,8,2537,0.628,1
2026-03-28,Agartala Rural,Tripura,23.83,91.28,1.34,1,4.59,5.75,7.0,43.5,1,2228,0.262,0
2026-03-29,Agartala Rural,Tripura,23.83,91.28,7.36,0,7.18,7.06,6.8,104.3,1,2164,0.259,0
2026-03-30,Agartala Rural,Tripura,23.83,91.28,2.32,0,3.25,5.35,6.99,50.7,2,1100,0.3,0
2026-03-31,Agartala Rural,Tripura,23.83,91.28,23.42,0,4.25,7.45,5.75,37.5,0,2194,0.449,0
2026-04-01,Agartala Rural,Tripura,23.83,91.28,16.92,0,8.2,7.68,6.62,102.0,1,1868,0.516,1
2026-04-02,Agartala Rural,Tripura,23.83,91.28,13.75,0,7.48,6.64,5.58,107.8,3,2142,0.561,1
2026-04-03,Agartala Rural,Tripura,23.83,91.28,32.7,0,5.54,8.22,8.91,91.4,0,1706,0.589,1
2026-04-04,Agartala Rural,Tripura,23.83,91.28,5.01,0,4.35,6.0,6.22,72.7,1,438,0.328,0
2026-04-05,Agartala Rural,Tripura,23.83,91.28,27.69,0,7.4,7.13,7.85,129.5,4,2668,0.642,1
2026-04-06,Agartala Rural,Tripura,23.83,91.28,1.48,1,6.7,7.36,7.89,67.1,2,2715,0.305,0
2026-04-07,Agartala Rural,Tripura,23.83,91.28,5.35,0,1.2,6.61,7.41,82.5,1,1045,0.17,0
2026-04-08,Agartala Rural,Tripura,23.83,91.28,1.88,1,1.14,5.32,6.31,25.4,2,2113,0.24,0
2026-04-09,Agartala Rural,Tripura,23.83,91.28,9.11,0,2.22,6.35,5.24,88.1,1,577,0.298,0
2026-04-10,Agartala Rural,Tripura,23.83,91.28,7.08,0,5.6,7.36,5.76,85.1,2,362,0.346,0
2026-04-11,Agartala Rural,Tripura,23.83,91.28,4.2,0,2.46,7.38,6.44,74.5,3,1380,0.33,0
2026-04-12,Agartala Rural,Tripura,23.83,91.28,3.17,0,4.74,6.12,6.73,105.1,1,2035,0.293,0
2026-04-13,Agartala Rural,Tripura,23.83,91.28,5.5,0,5.21,6.78,8.27,78.4,4,2746,0.378,0
2026-04-14,Agartala Rural,Tripura,23.83,91.28,5.38,0,4.98,6.15,6.25,80.8,4,2730,0.491,1
2026-04-15,Agartala Rural,Tripura,23.83,91.28,2.42,0,8.19,8.38,4.82,145.1,1,847,0.36,0
2026-04-16,Agartala Rural,Tripura,23.83,91.28,3.99,0,2.36,6.28,6.05,98.5,4,2802,0.449,0
2026-04-17,Agartala Rural,Tripura,23.83,91.28,0.4,1,4.35,7.59,4.01,78.7,1,1552,0.215,0
2026-04-18,Agartala Rural,Tripura,23.83,91.28,9.5,0,4.51,7.44,6.05,68.9,1,1446,0.344,0
2026-04-19,Agartala Rural,Tripura,23.83,91.28,36.93,0,6.25,7.59,5.57,79.0,1,2644,0.547,1
2026-04-20,Agartala Rural,Tripura,23.83,91.28,4.51,0,7.12,6.96,5.68,92.5,1,354,0.361,0
2026-04-21,Agartala Rural,Tripura,23.83,91.28,5.65,0,5.12,7.7,6.72,30.2,1,2551,0.229,0
2026-04-22,Agartala Rural,Tripura,23.83,91.28,1.65,1,6.41,6.28,8.3,89.1,2,2664,0.339,0
2026-04-23,Agartala Rural,Tripura,23.83,91.28,14.77,0,3.26,8.03,6.56,68.8,0,2677,0.26,0
2026-04-24,Agartala Rural,Tripura,23.83,91.28,6.66,0,5.56,6.01,4.67,99.5,1,1592,0.237,0
2026-04-25,Agartala Rural,Tripura,23.83,91.28,7.44,0,6.94,7.83,6.45,139.7,0,1406,0.344,0
2026-04-26,Agartala Rural,Tripura,23.83,91.28,12.06,0,5.83,7.48,5.14,89.7,2,1214,0.431,0
2026-04-27,Agartala Rural,Tripura,23.83,91.28,5.61,0,3.74,6.37,6.69,53.3,0,2590,0.289,0
2026-04-28,Agartala Rural,Tripura,23.83,91.28,2.45,0,3.5,7.39,5.63,79.8,3,411,0.329,0
2026-04-29,Agartala Rural,Tripura,23.83,91.28,5.13,0,5.84,7.36,5.95,160.6,2,2204,0.368,0
2026-04-30,Agartala Rural,Tripura,23.83,91.28,8.38,0,6.89,7.24,5.26,124.7,2,1553,0.398,0
2026-05-01,Agartala Rural,Tripura,23.83,91.28,2.71,0,5.58,5.88,5.9,86.5,1,765,0.317,0
2026-05-02,Agartala Rural,Tripura,23.83,91.28,2.25,0,2.03,7.15,7.81,71.8,2,1366,0.281,0
2026-05-03,Agartala Rural,Tripura,23.83,91.28,11.37,0,3.78,6.82,5.78,83.5,2,1903,0.356,0
2026-05-04,Agartala Rural,Tripura,23.83,91.28,14.97,0,2.56,7.83,7.28,91.3,2,1023,0.361,0
2026-05-05,Agartala Rural,Tripura,23.83,91.28,3.96,0,6.37,6.45,6.85,87.5,0,1465,0.179,0
2026-05-06,Agartala Rural,Tripura,23.83,91.28,8.18,0,8.22,6.48,6.34,116.9,0,660,0.296,0
2026-05-07,Agartala Rural,Tripura,23.83,91.28,9.58,0,5.48,7.74,5.28,72.9,2,2582,0.404,0
2026-05-08,Agartala Rural,Tripura,23.83,91.28,0.05,1,4.32,7.04,5.96,64.8,2,1658,0.298,0
2026-05-09,Agartala Rural,Tripura,23.83,91.28,0.23,2,3.61,6.86,6.69,65.4,3,1120,0.194,0
2026-05-10,Agartala Rural,Tripura,23.83,91.28,4.54,0,8.16,6.48,5.19,126.0,3,2581,0.416,0
2026-05-11,Agartala Rural,Tripura,23.83,91.28,20.66,0,5.84,7.96,7.31,105.9,1,935,0.441,0
2026-05-12,Agartala Rural,Tripura,23.83,91.28,5.89,0,5.26,6.87,9.52,110.5,1,828,0.229,0
2026-05-13,Agartala Rural,Tripura,23.83,91.28,9.53,0,3.89,7.39,6.24,20.4,2,2209,0.365,0
2026-05-14,Agartala Rural,Tripura,23.83,91.28,7.62,0,0.5,6.59,5.36,28.2,2,2091,0.302,0
2026-05-15,Agartala Rural,Tripura,23.83,91.28,2.86,0,5.54,7.14,4.99,82.1,2,458,0.298,0
2026-05-16,Agartala Rural,Tripura,23.83,91.28,0.7,1,3.9,6.08,6.61,110.7,2,1896,0.251,0
2026-05-17,Agartala Rural,Tripura,23.83,91.28,5.87,0,5.65,5.52,5.71,129.8,1,511,0.314,0
2026-05-18,Agartala Rural,Tripura,23.83,91.28,8.78,0,5.98,6.15,6.77,119.9,2,2797,0.408,0
2026-05-19,Agartala Rural,Tripura,23.83,91.28,24.57,0,7.74,7.68,4.97,114.0,2,2298,0.561,1
2026-05-20,Agartala Rural,Tripura,23.83,91.28,1.27,1,5.26,6.84,7.09,95.9,2,2966,0.26,0
2026-05-21,Agartala Rural,Tripura,23.83,91.28,0.46,2,6.23,7.01,6.07,57.8,3,737,0.346,0
2026-05-22,Agartala Rural,Tripura,23.83,91.28,0.54,3,5.9,7.56,6.58,125.4,2,1393,0.266,0
2026-05-23,Agartala Rural,Tripura,23.83,91.28,15.15,0,2.5,7.5,8.52,50.6,4,1113,0.471,1
2026-05-24,Agartala Rural,Tripura,23.83,91.28,1.17,1,5.15,7.89,8.84,133.1,1,1229,0.273,0
2026-05-25,Agartala Rural,Tripura,23.83,91.28,1.51,2,3.96,6.57,7.41,73.5,0,2484,0.171,0
2026-05-26,Agartala Rural,Tripura,23.83,91.28,29.3,0,7.49,7.16,4.96,150.1,2,1921,0.636,1
2026-05-27,Agartala Rural,Tripura,23.83,91.28,4.53,0,5.48,6.8,6.9,72.2,1,2493,0.228,0
2026-05-28,Agartala Rural,Tripura,23.83,91.28,8.05,0,7.44,6.84,7.98,122.5,3,663,0.442,0
2026-05-29,Agartala Rural,Tripura,23.83,91.28,2.57,0,5.99,6.61,5.43,79.4,3,1626,0.381,0
2026-05-30,Agartala Rural,Tripura,23.83,91.28,13.58,0,5.48,7.59,7.04,92.7,1,2478,0.356,0
2026-05-31,Agartala Rural,Tripura,23.83,91.28,0.83,1,5.16,7.87,5.38,65.7,3,1919,0.261,0
2026-06-01,Agartala Rural,Tripura,23.83,91.28,5.38,0,0.74,7.44,7.65,16.6,3,1603,0.429,0
2026-06-02,Agartala Rural,Tripura,23.83,91.28,15.66,0,6.53,7.99,7.18,69.2,2,2487,0.45,1
2026-06-03,Agartala Rural,Tripura,23.83,91.28,5.43,0,6.54,6.39,7.15,61.2,3,2546,0.488,1
2026-06-04,Agartala Rural,Tripura,23.83,91.28,74.25,0,12.17,8.12,5.02,148.5,4,1713,0.941,1
2026-06-05,Agartala Rural,Tripura,23.83,91.28,3.19,0,2.42,8.41,7.64,41.7,1,1336,0.282,0
2026-06-06,Agartala Rural,Tripura,23.83,91.28,19.8,0,7.96,7.29,7.55,134.1,1,2584,0.525,1
2026-06-07,Agartala Rural,Tripura,23.83,91.28,16.84,0,6.1,6.74,7.2,79.9,5,1948,0.575,1
2026-06-08,Agartala Rural,Tripura,23.83,91.28,2.52,0,4.27,5.83,6.79,37.8,2,1461,0.325,0
2026-06-09,Agartala Rural,Tripura,23.83,91.28,0.79,1,6.14,5.84,6.04,127.7,3,853,0.364,0
2026-06-10,Agartala Rural,Tripura,23.83,91.28,2.78,0,6.76,6.85,7.77,132.4,2,1399,0.272,0
2026-06-11,Agartala Rural,Tripura,23.83,91.28,43.39,0,6.98,6.22,6.06,88.3,2,1386,0.686,1
2026-06-12,Agartala Rural,Tripura,23.83,91.28,29.89,0,7.83,5.84,5.64,164.8,2,1565,0.598,1
2026-06-13,Agartala Rural,Tripura,23.83,91.28,69.58,0,9.41,7.28,7.81,130.7,3,2287,0.872,1
2026-06-14,Agartala Rural,Tripura,23.83,91.28,18.69,0,1.99,7.08,4.89,60.7,2,1412,0.359,0
2026-06-15,Agartala Rural,Tripura,23.83,91.28,63.05,0,12.85,6.21,5.09,106.7,4,1304,0.967,1
2026-06-16,Agartala Rural,Tripura,23.83,91.28,53.76,0,8.92,7.3,5.73,79.5,0,365,0.833,1
2026-06-17,Agartala Rural,Tripura,23.83,91.28,7.25,0,2.41,7.21,7.58,57.6,1,2680,0.309,0
2026-06-18,Agartala Rural,Tripura,23.83,91.28,25.34,0,8.99,8.07,8.27,127.6,2,629,0.739,1
2026-06-19,Agartala Rural,Tripura,23.83,91.28,13.55,0,6.14,5.89,5.87,62.9,1,1169,0.409,0
2026-06-20,Agartala Rural,Tripura,23.83,91.28,19.36,0,6.17,7.14,8.32,107.9,2,1623,0.511,1
2026-06-21,Agartala Rural,Tripura,23.83,91.28,10.51,0,6.56,7.08,7.05,122.9,1,2039,0.385,0
2026-06-22,Agartala Rural,Tripura,23.83,91.28,31.47,0,9.07,6.4,8.1,105.4,1,2136,0.564,1
2026-06-23,Agartala Rural,Tripura,23.83,91.28,9.79,0,4.27,7.3,6.97,23.9,3,2379,0.333,0
2026-06-24,Agartala Rural,Tripura,23.83,91.28,0.09,1,3.93,5.99,5.75,86.5,3,2496,0.306,0
2026-06-25,Agartala Rural,Tripura,23.83,91.28,25.74,0,6.19,7.55,9.48,85.7,1,1440,0.519,1
2026-06-26,Agartala Rural,Tripura,23.83,91.28,2.31,0,2.86,8.08,6.99,96.0,0,1113,0.224,0
2026-06-27,Agartala Rural,Tripura,23.83,91.28,6.62,0,5.15,7.41,6.5,150.0,2,2342,0.286,0
2026-06-28,Agartala Rural,Tripura,23.83,91.28,1.38,1,6.95,7.15,7.64,54.1,4,913,0.306,0
2026-06-29,Agartala Rural,Tripura,23.83,91.28,68.51,0,9.83,7.73,7.74,123.6,2,2066,0.87,1
2026-01-01,Aizawl Rural,Mizoram,23.73,92.72,2.9,0,6.43,6.95,7.32,69.1,3,2507,0.332,0
2026-01-02,Aizawl Rural,Mizoram,23.73,92.72,7.3,0,7.27,6.77,6.62,151.9,2,2422,0.288,0
2026-01-03,Aizawl Rural,Mizoram,23.73,92.72,4.03,0,5.95,7.9,7.62,58.6,2,2294,0.376,0
2026-01-04,Aizawl Rural,Mizoram,23.73,92.72,0.23,1,3.63,7.56,8.43,63.5,2,2638,0.24,0
2026-01-05,Aizawl Rural,Mizoram,23.73,92.72,4.4,0,6.38,7.09,5.51,89.3,2,2470,0.321,0
2026-01-06,Aizawl Rural,Mizoram,23.73,92.72,15.37,0,4.49,7.6,6.78,105.3,1,1162,0.409,0
2026-01-07,Aizawl Rural,Mizoram,23.73,92.72,8.65,0,6.73,7.26,6.12,151.9,3,2955,0.397,0
2026-01-08,Aizawl Rural,Mizoram,23.73,92.72,16.51,0,9.46,7.41,4.58,189.8,2,2671,0.627,1
2026-01-09,Aizawl Rural,Mizoram,23.73,92.72,9.31,0,7.05,6.95,4.41,92.7,2,1495,0.371,0
2026-01-10,Aizawl Rural,Mizoram,23.73,92.72,7.65,0,3.77,7.19,5.37,137.6,0,2435,0.229,0
2026-01-11,Aizawl Rural,Mizoram,23.73,92.72,33.0,0,9.16,6.6,5.81,122.9,1,1119,0.618,1
2026-01-12,Aizawl Rural,Mizoram,23.73,92.72,0.61,1,3.38,6.88,7.78,122.0,3,1626,0.301,0
2026-01-13,Aizawl Rural,Mizoram,23.73,92.72,12.31,0,4.86,6.86,6.84,46.0,2,387,0.33,0
2026-01-14,Aizawl Rural,Mizoram,23.73,92.72,20.76,0,4.89,6.05,6.95,77.0,1,616,0.403,0
2026-01-15,Aizawl Rural,Mizoram,23.73,92.72,6.38,0,5.49,7.11,4.86,135.6,2,1996,0.384,0
2026-01-16,Aizawl Rural,Mizoram,23.73,92.72,5.26,0,4.48,6.97,8.27,91.2,2,993,0.252,0
2026-01-17,Aizawl Rural,Mizoram,23.73,92.72,2.82,0,3.48,7.89,7.13,95.5,2,2797,0.343,0
2026-01-18,Aizawl Rural,Mizoram,23.73,92.72,7.23,0,3.01,7.06,5.95,100.5,1,2964,0.256,0
2026-01-19,Aizawl Rural,Mizoram,23.73,92.72,7.11,0,3.0,6.48,9.1,69.0,0,2923,0.239,0
2026-01-20,Aizawl Rural,Mizoram,23.73,92.72,0.49,1,4.74,6.31,6.64,171.3,2,1639,0.294,0
2026-01-21,Aizawl Rural,Mizoram,23.73,92.72,31.14,0,7.02,7.11,6.76,98.7,3,2774,0.651,1
2026-01-22,Aizawl Rural,Mizoram,23.73,92.72,11.19,0,1.47,6.51,5.08,51.6,1,1944,0.314,0
2026-01-23,Aizawl Rural,Mizoram,23.73,92.72,0.55,1,0.5,7.13,6.92,58.0,3,1544,0.309,0
2026-01-24,Aizawl Rural,Mizoram,23.73,92.72,14.65,0,3.41,7.23,6.28,132.2,1,2563,0.361,0
2026-01-25,Aizawl Rural,Mizoram,23.73,92.72,14.57,0,0.77,7.18,6.01,72.3,1,2997,0.304,0
2026-01-26,Aizawl Rural,Mizoram,23.73,92.72,4.3,0,3.58,7.02,6.4,98.8,2,2189,0.234,0
2026-01-27,Aizawl Rural,Mizoram,23.73,92.72,0.79,1,2.74,6.56,7.83,0.0,7,915,0.51,1
2026-01-28,Aizawl Rural,Mizoram,23.73,92.72,7.03,0,4.95,6.11,6.15,129.2,1,666,0.347,0
2026-01-29,Aizawl Rural,Mizoram,23.73,92.72,3.23,0,2.57,6.41,6.36,83.5,0,2447,0.154,0
2026-01-30,Aizawl Rural,Mizoram,23.73,92.72,0.6,1,4.82,6.88,6.43,45.4,2,2444,0.252,0
2026-01-31,Aizawl Rural,Mizoram,23.73,92.72,19.84,0,8.87,6.0,6.96,121.0,4,488,0.642,1
2026-02-01,Aizawl Rural,Mizoram,23.73,92.72,7.17,0,6.35,6.71,10.0,63.0,3,1380,0.402,0
2026-02-02,Aizawl Rural,Mizoram,23.73,92.72,6.83,0,3.16,7.58,7.29,0.3,0,1702,0.261,0
2026-02-03,Aizawl Rural,Mizoram,23.73,92.72,12.97,0,3.23,7.17,5.5,112.0,1,1049,0.377,0
2026-02-04,Aizawl Rural,Mizoram,23.73,92.72,5.42,0,3.84,7.73,6.52,96.6,4,1117,0.436,0
2026-02-05,Aizawl Rural,Mizoram,23.73,92.72,13.1,0,4.91,6.27,5.12,135.0,2,2345,0.317,0
2026-02-06,Aizawl Rural,Mizoram,23.73,92.72,6.23,0,4.39,7.29,7.03,82.9,6,982,0.42,0
2026-02-07,Aizawl Rural,Mizoram,23.73,92.72,1.65,1,4.95,6.92,4.19,62.1,1,593,0.201,0
2026-02-08,Aizawl Rural,Mizoram,23.73,92.72,0.26,2,1.69,7.88,4.91,103.9,3,2675,0.201,0
2026-02-09,Aizawl Rural,Mizoram,23.73,92.72,11.38,0,1.23,6.82,5.45,46.0,2,1019,0.317,0
2026-02-10,Aizawl Rural,Mizoram,23.73,92.72,8.63,0,3.39,6.74,6.99,46.7,2,2669,0.31,0
2026-02-11,Aizawl Rural,Mizoram,23.73,92.72,5.12,0,4.87,7.46,6.03,75.0,1,1508,0.212,0
2026-02-12,Aizawl Rural,Mizoram,23.73,92.72,43.35,0,8.9,7.04,5.7,56.8,3,1494,0.786,1
2026-02-13,Aizawl Rural,Mizoram,23.73,92.72,9.86,0,2.81,7.15,5.66,32.0,1,2461,0.322,0
2026-02-14,Aizawl Rural,Mizoram,23.73,92.72,4.9,0,3.92,7.57,5.93,61.8,4,454,0.412,0
2026-02-15,Aizawl Rural,Mizoram,23.73,92.72,3.03,0,3.12,7.74,5.65,41.6,3,2936,0.352,0
2026-02-16,Aizawl Rural,Mizoram,23.73,92.72,11.19,0,7.71,6.95,6.76,108.8,1,1444,0.358,0
2026-02-17,Aizawl Rural,Mizoram,23.73,92.72,3.9,0,5.63,7.38,7.15,127.2,3,852,0.407,0
2026-02-18,Aizawl Rural,Mizoram,23.73,92.72,8.81,0,8.62,6.7,5.64,142.5,1,1141,0.42,0
2026-02-19,Aizawl Rural,Mizoram,23.73,92.72,6.1,0,6.16,7.61,7.38,96.7,0,2996,0.237,0
2026-02-20,Aizawl Rural,Mizoram,23.73,92.72,4.02,0,2.83,8.17,7.38,100.4,0,2334,0.297,0
2026-02-21,Aizawl Rural,Mizoram,23.73,92.72,15.95,0,9.26,7.54,4.46,185.1,5,1331,0.699,1
2026-02-22,Aizawl Rural,Mizoram,23.73,92.72,4.89,0,2.5,6.67,6.2,36.1,1,1648,0.222,0
2026-02-23,Aizawl Rural,Mizoram,23.73,92.72,6.98,0,4.17,6.77,6.45,99.3,2,2001,0.433,0
2026-02-24,Aizawl Rural,Mizoram,23.73,92.72,20.64,0,6.75,7.19,5.05,136.0,0,2358,0.41,0
2026-02-25,Aizawl Rural,Mizoram,23.73,92.72,20.24,0,6.71,7.6,5.42,123.1,1,2899,0.48,1
2026-02-26,Aizawl Rural,Mizoram,23.73,92.72,0.26,1,3.87,6.69,5.92,81.9,0,2648,0.254,0
2026-02-27,Aizawl Rural,Mizoram,23.73,92.72,7.76,0,7.52,7.03,7.25,89.7,3,923,0.444,0
2026-02-28,Aizawl Rural,Mizoram,23.73,92.72,3.31,0,0.5,6.64,5.97,57.7,1,1168,0.24,0
2026-03-01,Aizawl Rural,Mizoram,23.73,92.72,33.84,0,9.86,6.86,6.23,196.8,2,2154,0.705,1
2026-03-02,Aizawl Rural,Mizoram,23.73,92.72,27.79,0,5.31,7.47,4.96,59.9,2,570,0.573,1
2026-03-03,Aizawl Rural,Mizoram,23.73,92.72,1.2,1,4.22,7.59,6.25,22.4,0,848,0.239,0
2026-03-04,Aizawl Rural,Mizoram,23.73,92.72,3.18,0,5.08,7.34,5.58,136.2,2,307,0.261,0
2026-03-05,Aizawl Rural,Mizoram,23.73,92.72,18.97,0,5.95,6.79,6.95,92.6,2,2977,0.421,0
2026-03-06,Aizawl Rural,Mizoram,23.73,92.72,22.77,0,5.74,7.21,3.88,94.2,2,748,0.56,1
2026-03-07,Aizawl Rural,Mizoram,23.73,92.72,7.56,0,4.62,7.32,6.05,51.1,1,2960,0.219,0
2026-03-08,Aizawl Rural,Mizoram,23.73,92.72,9.11,0,3.54,7.32,7.51,82.3,5,922,0.537,1
2026-03-09,Aizawl Rural,Mizoram,23.73,92.72,7.36,0,4.45,6.35,5.87,125.4,1,2474,0.231,0
2026-03-10,Aizawl Rural,Mizoram,23.73,92.72,33.89,0,5.1,7.04,6.38,45.3,0,943,0.428,0
2026-03-11,Aizawl Rural,Mizoram,23.73,92.72,7.19,0,5.08,7.69,8.05,80.6,1,740,0.277,0
2026-03-12,Aizawl Rural,Mizoram,23.73,92.72,0.75,1,5.88,6.54,6.98,112.3,3,1960,0.376,0
2026-03-13,Aizawl Rural,Mizoram,23.73,92.72,17.6,0,4.64,6.26,4.76,84.4,2,896,0.479,1
2026-03-14,Aizawl Rural,Mizoram,23.73,92.72,7.38,0,3.57,6.51,8.48,55.9,4,727,0.309,0
2026-03-15,Aizawl Rural,Mizoram,23.73,92.72,5.17,0,5.94,7.29,7.61,66.1,4,1147,0.451,1
2026-03-16,Aizawl Rural,Mizoram,23.73,92.72,20.04,0,5.34,7.24,6.17,103.5,1,684,0.47,1
2026-03-17,Aizawl Rural,Mizoram,23.73,92.72,16.48,0,6.23,6.75,6.53,82.1,1,1650,0.404,0
2026-03-18,Aizawl Rural,Mizoram,23.73,92.72,14.87,0,6.45,7.71,5.39,72.0,0,1385,0.416,0
2026-03-19,Aizawl Rural,Mizoram,23.73,92.72,2.36,0,1.88,7.75,6.01,67.8,4,1371,0.395,0
2026-03-20,Aizawl Rural,Mizoram,23.73,92.72,3.39,0,7.06,6.05,7.63,74.3,1,1106,0.319,0
2026-03-21,Aizawl Rural,Mizoram,23.73,92.72,2.99,0,5.28,7.07,8.2,36.0,3,2673,0.284,0
2026-03-22,Aizawl Rural,Mizoram,23.73,92.72,1.21,1,5.17,7.39,4.36,90.8,1,2960,0.142,0
2026-03-23,Aizawl Rural,Mizoram,23.73,92.72,16.23,0,5.45,7.91,2.94,108.9,1,1461,0.423,0
2026-03-24,Aizawl Rural,Mizoram,23.73,92.72,5.93,0,0.78,7.22,8.63,44.9,1,368,0.257,0
2026-03-25,Aizawl Rural,Mizoram,23.73,92.72,13.26,0,5.72,7.06,5.6,121.0,3,2375,0.405,0
2026-03-26,Aizawl Rural,Mizoram,23.73,92.72,2.78,0,2.71,7.42,8.08,71.5,3,1272,0.266,0
2026-03-27,Aizawl Rural,Mizoram,23.73,92.72,9.9,0,6.76,7.46,6.53,117.3,3,1766,0.526,1
2026-03-28,Aizawl Rural,Mizoram,23.73,92.72,4.08,0,5.44,7.45,5.59,112.2,4,1047,0.452,1
2026-03-29,Aizawl Rural,Mizoram,23.73,92.72,20.57,0,7.87,6.49,7.85,63.4,0,1719,0.445,0
2026-03-30,Aizawl Rural,Mizoram,23.73,92.72,0.28,1,3.03,7.32,5.26,147.6,3,2877,0.284,0
2026-03-31,Aizawl Rural,Mizoram,23.73,92.72,7.06,0,3.19,6.89,7.39,69.6,1,1007,0.24,0
2026-04-01,Aizawl Rural,Mizoram,23.73,92.72,2.6,0,2.27,7.08,6.35,76.0,3,1913,0.279,0
2026-04-02,Aizawl Rural,Mizoram,23.73,92.72,6.79,0,4.92,6.55,5.53,161.6,6,2923,0.562,1
2026-04-03,Aizawl Rural,Mizoram,23.73,92.72,1.06,1,2.31,6.77,4.42,4.6,2,1082,0.324,0
2026-04-04,Aizawl Rural,Mizoram,23.73,92.72,22.36,0,6.27,6.34,6.92,134.2,3,1476,0.562,1
2026-04-05,Aizawl Rural,Mizoram,23.73,92.72,10.81,0,3.46,6.25,6.16,124.7,6,2115,0.568,1
2026-04-06,Aizawl Rural,Mizoram,23.73,92.72,1.33,1,3.48,6.82,6.94,74.5,2,2979,0.286,0
2026-04-07,Aizawl Rural,Mizoram,23.73,92.72,15.11,0,9.26,7.06,7.22,94.8,2,2160,0.498,1
2026-04-08,Aizawl Rural,Mizoram,23.73,92.72,8.3,0,9.15,7.11,7.38,109.4,3,572,0.547,1
2026-04-09,Aizawl Rural,Mizoram,23.73,92.72,0.07,1,5.18,6.42,6.44,69.1,4,813,0.389,0
2026-04-10,Aizawl Rural,Mizoram,23.73,92.72,4.62,0,4.17,6.88,6.13,92.3,0,2059,0.183,0
2026-04-11,Aizawl Rural,Mizoram,23.73,92.72,9.17,0,2.51,6.61,5.51,52.9,2,2158,0.285,0
2026-04-12,Aizawl Rural,Mizoram,23.73,92.72,7.24,0,5.03,6.29,5.69,70.6,2,2298,0.438,0
2026-04-13,Aizawl Rural,Mizoram,23.73,92.72,0.48,1,4.55,6.21,6.34,64.9,1,904,0.249,0
2026-04-14,Aizawl Rural,Mizoram,23.73,92.72,15.97,0,4.6,6.8,5.66,76.5,0,846,0.243,0
2026-04-15,Aizawl Rural,Mizoram,23.73,92.72,1.86,1,6.18,7.52,7.65,99.3,4,1340,0.388,0
2026-04-16,Aizawl Rural,Mizoram,23.73,92.72,9.91,0,3.92,7.21,5.72,82.0,2,435,0.264,0
2026-04-17,Aizawl Rural,Mizoram,23.73,92.72,10.59,0,3.45,6.78,8.48,72.7,2,2050,0.389,0
2026-04-18,Aizawl Rural,Mizoram,23.73,92.72,0.66,1,2.53,7.05,8.35,81.8,1,2113,0.068,0
2026-04-19,Aizawl Rural,Mizoram,23.73,92.72,13.86,0,5.96,7.13,4.15,122.7,1,742,0.349,0
2026-04-20,Aizawl Rural,Mizoram,23.73,92.72,1.37,1,3.63,7.11,4.94,99.1,2,1087,0.226,0
2026-04-21,Aizawl Rural,Mizoram,23.73,92.72,16.07,0,7.67,6.72,7.37,117.5,1,2874,0.349,0
2026-04-22,Aizawl Rural,Mizoram,23.73,92.72,1.36,1,9.31,7.31,5.88,148.6,1,2701,0.282,0
2026-04-23,Aizawl Rural,Mizoram,23.73,92.72,8.89,0,6.03,6.89,5.25,103.8,4,725,0.49,1
2026-04-24,Aizawl Rural,Mizoram,23.73,92.72,4.03,0,5.72,7.44,5.66,64.3,1,1100,0.29,0
2026-04-25,Aizawl Rural,Mizoram,23.73,92.72,6.15,0,6.35,7.64,6.89,118.4,5,516,0.5,1
2026-04-26,Aizawl Rural,Mizoram,23.73,92.72,32.88,0,7.86,5.77,7.27,56.1,2,2159,0.64,1
2026-04-27,Aizawl Rural,Mizoram,23.73,92.72,0.18,1,5.54,6.53,8.16,107.0,1,2300,0.221,0
2026-04-28,Aizawl Rural,Mizoram,23.73,92.72,1.69,2,5.05,6.96,7.54,124.2,0,1998,0.128,0
2026-04-29,Aizawl Rural,Mizoram,23.73,92.72,2.55,0,3.54,7.68,4.72,88.8,1,2242,0.169,0
2026-04-30,Aizawl Rural,Mizoram,23.73,92.72,0.4,1,2.2,6.91,7.83,81.5,2,1275,0.178,0
2026-05-01,Aizawl Rural,Mizoram,23.73,92.72,7.03,0,7.6,6.17,4.11,118.2,1,2502,0.355,0
2026-05-02,Aizawl Rural,Mizoram,23.73,92.72,7.8,0,7.77,7.12,6.25,137.5,1,771,0.301,0
2026-05-03,Aizawl Rural,Mizoram,23.73,92.72,11.19,0,4.5,6.35,3.85,78.1,2,1628,0.344,0
2026-05-04,Aizawl Rural,Mizoram,23.73,92.72,30.95,0,8.51,7.94,7.29,97.3,1,2655,0.618,1
2026-05-05,Aizawl Rural,Mizoram,23.73,92.72,9.52,0,8.4,7.43,6.8,114.3,1,644,0.378,0
2026-05-06,Aizawl Rural,Mizoram,23.73,92.72,2.07,0,4.92,7.14,7.07,71.3,5,855,0.468,1
2026-05-07,Aizawl Rural,Mizoram,23.73,92.72,0.58,1,2.36,7.01,6.9,119.3,2,1054,0.225,0
2026-05-08,Aizawl Rural,Mizoram,23.73,92.72,6.22,0,3.42,6.43,8.14,97.1,1,1249,0.345,0
2026-05-09,Aizawl Rural,Mizoram,23.73,92.72,3.63,0,4.72,7.29,7.05,105.5,2,1615,0.279,0
2026-05-10,Aizawl Rural,Mizoram,23.73,92.72,2.74,0,3.17,6.81,6.68,77.8,1,2305,0.244,0
2026-05-11,Aizawl Rural,Mizoram,23.73,92.72,1.32,1,5.76,7.05,7.46,144.9,2,1740,0.329,0
2026-05-12,Aizawl Rural,Mizoram,23.73,92.72,4.46,0,3.35,6.9,8.34,107.8,2,1518,0.243,0
2026-05-13,Aizawl Rural,Mizoram,23.73,92.72,3.11,0,3.99,6.29,6.73,112.7,2,2657,0.308,0
2026-05-14,Aizawl Rural,Mizoram,23.73,92.72,32.93,0,4.46,5.14,6.82,66.4,1,2860,0.582,1
2026-05-15,Aizawl Rural,Mizoram,23.73,92.72,6.75,0,3.68,8.24,6.27,84.0,0,2781,0.352,0
2026-05-16,Aizawl Rural,Mizoram,23.73,92.72,9.26,0,5.57,7.33,8.78,143.6,1,2229,0.33,0
2026-05-17,Aizawl Rural,Mizoram,23.73,92.72,13.1,0,4.76,8.03,7.68,40.1,2,1109,0.352,0
2026-05-18,Aizawl Rural,Mizoram,23.73,92.72,4.15,0,4.7,6.34,7.23,121.3,3,748,0.23,0
2026-05-19,Aizawl Rural,Mizoram,23.73,92.72,11.9,0,6.79,6.45,5.77,60.9,2,383,0.301,0
2026-05-20,Aizawl Rural,Mizoram,23.73,92.72,5.82,0,4.19,7.21,5.29,105.4,2,565,0.299,0
2026-05-21,Aizawl Rural,Mizoram,23.73,92.72,3.09,0,5.79,7.4,6.85,90.4,1,2621,0.273,0
2026-05-22,Aizawl Rural,Mizoram,23.73,92.72,9.84,0,1.33,6.95,9.35,40.2,1,830,0.271,0
2026-05-23,Aizawl Rural,Mizoram,23.73,92.72,0.93,1,5.52,6.96,7.02,133.8,1,916,0.22,0
2026-05-24,Aizawl Rural,Mizoram,23.73,92.72,2.53,0,6.31,7.27,8.33,97.0,1,2093,0.241,0
2026-05-25,Aizawl Rural,Mizoram,23.73,92.72,4.47,0,7.63,6.57,6.79,129.1,3,2340,0.48,1
2026-05-26,Aizawl Rural,Mizoram,23.73,92.72,8.76,0,4.54,7.59,6.36,55.3,5,1253,0.551,1
2026-05-27,Aizawl Rural,Mizoram,23.73,92.72,0.81,1,4.7,6.87,6.78,107.8,0,967,0.256,0
2026-05-28,Aizawl Rural,Mizoram,23.73,92.72,3.14,0,1.92,6.63,7.86,81.6,3,1608,0.31,0
2026-05-29,Aizawl Rural,Mizoram,23.73,92.72,7.72,0,3.9,7.26,5.86,53.5,3,1155,0.338,0
2026-05-30,Aizawl Rural,Mizoram,23.73,92.72,12.58,0,2.87,6.52,6.67,44.8,2,922,0.319,0
2026-05-31,Aizawl Rural,Mizoram,23.73,92.72,8.0,0,4.33,5.7,6.26,40.1,2,1804,0.484,1
2026-06-01,Aizawl Rural,Mizoram,23.73,92.72,26.04,0,9.33,6.54,5.32,120.5,0,1687,0.591,1
2026-06-02,Aizawl Rural,Mizoram,23.73,92.72,21.29,0,6.97,6.04,4.96,70.7,0,934,0.334,0
2026-06-03,Aizawl Rural,Mizoram,23.73,92.72,8.07,0,4.87,6.94,3.88,57.8,1,2954,0.263,0
2026-06-04,Aizawl Rural,Mizoram,23.73,92.72,53.15,0,7.07,6.56,5.47,84.9,1,2193,0.796,1
2026-06-05,Aizawl Rural,Mizoram,23.73,92.72,9.56,0,6.3,6.97,5.98,108.1,1,664,0.277,0
2026-06-06,Aizawl Rural,Mizoram,23.73,92.72,4.03,0,3.6,7.51,6.03,75.4,2,916,0.242,0
2026-06-07,Aizawl Rural,Mizoram,23.73,92.72,29.24,0,6.05,7.51,7.83,75.5,1,2552,0.502,1
2026-06-08,Aizawl Rural,Mizoram,23.73,92.72,35.48,0,5.06,6.31,6.92,78.7,3,1703,0.686,1
2026-06-09,Aizawl Rural,Mizoram,23.73,92.72,8.93,0,0.67,6.15,7.15,1.2,0,449,0.333,0
2026-06-10,Aizawl Rural,Mizoram,23.73,92.72,4.69,0,5.37,6.42,6.96,158.5,2,1572,0.315,0
2026-06-11,Aizawl Rural,Mizoram,23.73,92.72,32.8,0,7.01,6.91,4.68,107.2,1,2244,0.531,1
2026-06-12,Aizawl Rural,Mizoram,23.73,92.72,104.82,0,14.46,7.31,5.71,175.6,3,2823,0.93,1
2026-06-13,Aizawl Rural,Mizoram,23.73,92.72,35.22,0,9.62,6.07,5.4,91.4,1,1209,0.701,1
2026-06-14,Aizawl Rural,Mizoram,23.73,92.72,38.28,0,9.27,6.83,5.97,158.4,4,912,0.842,1
2026-06-15,Aizawl Rural,Mizoram,23.73,92.72,4.65,0,5.03,6.81,6.29,42.7,4,2502,0.4,0
2026-06-16,Aizawl Rural,Mizoram,23.73,92.72,93.65,0,8.44,6.92,7.91,114.8,1,1689,0.801,1
2026-06-17,Aizawl Rural,Mizoram,23.73,92.72,38.47,0,10.06,6.17,5.87,125.0,1,1043,0.751,1
2026-06-18,Aizawl Rural,Mizoram,23.73,92.72,52.7,0,10.81,6.86,8.43,125.0,2,1678,0.874,1
2026-06-19,Aizawl Rural,Mizoram,23.73,92.72,14.43,0,5.76,7.01,6.48,95.3,0,303,0.331,0
2026-06-20,Aizawl Rural,Mizoram,23.73,92.72,3.96,0,3.22,6.92,8.24,65.2,2,1990,0.307,0
2026-06-21,Aizawl Rural,Mizoram,23.73,92.72,13.01,0,7.51,7.11,8.18,78.2,2,1822,0.389,0
2026-06-22,Aizawl Rural,Mizoram,23.73,92.72,57.68,0,6.29,6.76,7.01,75.5,3,2479,0.841,1
2026-06-23,Aizawl Rural,Mizoram,23.73,92.72,55.47,0,10.79,7.13,8.32,124.0,3,1358,0.837,1
2026-06-24,Aizawl Rural,Mizoram,23.73,92.72,28.05,0,7.19,6.96,6.49,78.9,2,1029,0.582,1
2026-06-25,Aizawl Rural,Mizoram,23.73,92.72,56.0,0,5.53,6.41,7.67,107.7,0,304,0.797,1
2026-06-26,Aizawl Rural,Mizoram,23.73,92.72,36.86,0,7.62,7.07,6.82,103.4,2,478,0.609,1
2026-06-27,Aizawl Rural,Mizoram,23.73,92.72,13.88,0,3.08,6.26,6.97,127.4,1,2307,0.385,0
2026-06-28,Aizawl Rural,Mizoram,23.73,92.72,19.26,0,7.49,7.13,7.69,142.6,6,2573,0.728,1
2026-06-29,Aizawl Rural,Mizoram,23.73,92.72,9.02,0,2.48,6.49,8.35,61.5,0,393,0.276,0
2026-01-01,Itanagar Rural,Arunachal Pradesh,27.1,93.62,5.58,0,7.84,6.7,7.14,69.1,5,998,0.544,1
2026-01-02,Itanagar Rural,Arunachal Pradesh,27.1,93.62,8.11,0,5.12,7.12,6.64,97.9,1,2668,0.284,0
2026-01-03,Itanagar Rural,Arunachal Pradesh,27.1,93.62,7.76,0,1.43,6.49,6.47,71.3,1,1291,0.376,0
2026-01-04,Itanagar Rural,Arunachal Pradesh,27.1,93.62,0.08,1,2.23,7.01,7.2,13.7,2,1056,0.282,0
2026-01-05,Itanagar Rural,Arunachal Pradesh,27.1,93.62,8.5,0,3.97,6.05,6.65,63.1,2,2992,0.347,0
2026-01-06,Itanagar Rural,Arunachal Pradesh,27.1,93.62,2.17,0,1.79,6.4,6.27,31.5,3,1612,0.32,0
2026-01-07,Itanagar Rural,Arunachal Pradesh,27.1,93.62,1.42,1,5.12,6.84,4.4,49.7,1,1980,0.145,0
2026-01-08,Itanagar Rural,Arunachal Pradesh,27.1,93.62,18.44,0,4.27,7.68,4.91,113.1,3,1247,0.521,1
2026-01-09,Itanagar Rural,Arunachal Pradesh,27.1,93.62,10.03,0,8.97,7.14,7.28,75.9,2,402,0.513,1
2026-01-10,Itanagar Rural,Arunachal Pradesh,27.1,93.62,20.76,0,8.17,6.58,5.26,115.4,2,1375,0.504,1
2026-01-11,Itanagar Rural,Arunachal Pradesh,27.1,93.62,18.97,0,8.13,6.82,5.52,139.4,1,2167,0.464,1
2026-01-12,Itanagar Rural,Arunachal Pradesh,27.1,93.62,5.95,0,3.07,7.35,7.38,51.7,1,2798,0.258,0
2026-01-13,Itanagar Rural,Arunachal Pradesh,27.1,93.62,6.91,0,4.61,7.59,6.25,105.2,2,578,0.25,0
2026-01-14,Itanagar Rural,Arunachal Pradesh,27.1,93.62,0.25,1,4.07,6.79,5.13,63.6,2,2520,0.225,0
2026-01-15,Itanagar Rural,Arunachal Pradesh,27.1,93.62,18.88,0,7.47,7.05,5.63,113.4,2,2597,0.415,0
2026-01-16,Itanagar Rural,Arunachal Pradesh,27.1,93.62,1.05,1,5.05,6.96,6.31,71.0,6,1650,0.336,0
2026-01-17,Itanagar Rural,Arunachal Pradesh,27.1,93.62,5.11,0,1.42,6.06,4.69,48.0,2,2398,0.346,0
2026-01-18,Itanagar Rural,Arunachal Pradesh,27.1,93.62,0.62,1,4.55,6.16,6.56,100.7,1,2578,0.188,0
2026-01-19,Itanagar Rural,Arunachal Pradesh,27.1,93.62,1.35,2,6.29,6.43,6.61,62.6,2,994,0.145,0
2026-01-20,Itanagar Rural,Arunachal Pradesh,27.1,93.62,0.35,3,1.44,6.2,4.69,78.1,2,1803,0.275,0
2026-01-21,Itanagar Rural,Arunachal Pradesh,27.1,93.62,2.12,0,1.45,6.75,5.02,78.3,1,1287,0.176,0
2026-01-22,Itanagar Rural,Arunachal Pradesh,27.1,93.62,3.13,0,3.1,7.76,6.89,101.0,3,2300,0.332,0
2026-01-23,Itanagar Rural,Arunachal Pradesh,27.1,93.62,3.59,0,7.1,6.76,6.86,96.5,3,354,0.357,0
2026-01-24,Itanagar Rural,Arunachal Pradesh,27.1,93.62,22.65,0,4.82,7.03,9.87,136.5,1,2654,0.476,1
2026-01-25,Itanagar Rural,Arunachal Pradesh,27.1,93.62,8.25,0,3.67,6.73,7.45,86.9,3,2671,0.367,0
2026-01-26,Itanagar Rural,Arunachal Pradesh,27.1,93.62,7.87,0,4.05,6.46,5.52,101.9,3,1645,0.291,0
2026-01-27,Itanagar Rural,Arunachal Pradesh,27.1,93.62,16.52,0,3.62,6.39,6.35,35.5,1,1974,0.398,0
2026-01-28,Itanagar Rural,Arunachal Pradesh,27.1,93.62,5.44,0,2.88,6.91,6.82,50.2,2,2372,0.245,0
2026-01-29,Itanagar Rural,Arunachal Pradesh,27.1,93.62,12.86,0,0.55,7.06,7.23,63.3,2,1154,0.343,0
2026-01-30,Itanagar Rural,Arunachal Pradesh,27.1,93.62,18.84,0,8.65,7.08,4.7,102.5,2,1556,0.552,1
2026-01-31,Itanagar Rural,Arunachal Pradesh,27.1,93.62,5.2,0,6.09,7.73,4.12,74.0,3,1607,0.363,0
2026-02-01,Itanagar Rural,Arunachal Pradesh,27.1,93.62,6.37,0,5.17,7.94,5.04,86.2,1,918,0.334,0
2026-02-02,Itanagar Rural,Arunachal Pradesh,27.1,93.62,3.61,0,5.89,6.05,6.71,60.4,3,555,0.298,0
2026-02-03,Itanagar Rural,Arunachal Pradesh,27.1,93.62,1.47,1,5.56,8.11,6.95,108.9,5,828,0.451,1
2026-02-04,Itanagar Rural,Arunachal Pradesh,27.1,93.62,6.05,0,8.34,7.04,5.46,110.8,4,873,0.474,1
2026-02-05,Itanagar Rural,Arunachal Pradesh,27.1,93.62,11.88,0,6.17,6.81,6.98,74.6,1,731,0.351,0
2026-02-06,Itanagar Rural,Arunachal Pradesh,27.1,93.62,13.93,0,6.85,7.81,7.72,122.5,2,1337,0.458,1
2026-02-07,Itanagar Rural,Arunachal Pradesh,27.1,93.62,17.84,0,5.92,7.21,5.72,75.0,3,1854,0.475,1
2026-02-08,Itanagar Rural,Arunachal Pradesh,27.1,93.62,0.58,1,5.01,6.01,6.82,130.3,2,581,0.31,0
2026-02-09,Itanagar Rural,Arunachal Pradesh,27.1,93.62,28.0,0,4.21,7.67,5.79,94.5,2,1718,0.581,1
2026-02-10,Itanagar Rural,Arunachal Pradesh,27.1,93.62,4.77,0,7.22,6.35,6.39,117.4,0,1766,0.287,0
2026-02-11,Itanagar Rural,Arunachal Pradesh,27.1,93.62,5.79,0,5.3,7.17,6.99,106.9,5,1524,0.388,0
2026-02-12,Itanagar Rural,Arunachal Pradesh,27.1,93.62,1.43,1,0.94,6.82,7.18,46.6,2,1906,0.265,0
2026-02-13,Itanagar Rural,Arunachal Pradesh,27.1,93.62,16.8,0,5.44,7.12,8.69,114.5,2,323,0.39,0
2026-02-14,Itanagar Rural,Arunachal Pradesh,27.1,93.62,2.03,0,6.8,8.06,6.52,74.8,1,935,0.285,0
2026-02-15,Itanagar Rural,Arunachal Pradesh,27.1,93.62,24.66,0,7.2,6.72,7.44,125.1,1,455,0.482,1
2026-02-16,Itanagar Rural,Arunachal Pradesh,27.1,93.62,14.95,0,6.22,7.07,5.16,80.7,3,1492,0.468,1
2026-02-17,Itanagar Rural,Arunachal Pradesh,27.1,93.62,2.86,0,3.84,6.82,8.04,150.0,4,1693,0.375,0
2026-02-18,Itanagar Rural,Arunachal Pradesh,27.1,93.62,15.38,0,6.69,7.65,6.73,42.5,2,1754,0.469,1
2026-02-19,Itanagar Rural,Arunachal Pradesh,27.1,93.62,10.15,0,10.25,7.09,5.52,156.7,1,1247,0.445,0
2026-02-20,Itanagar Rural,Arunachal Pradesh,27.1,93.62,5.76,0,4.45,6.49,6.69,94.8,0,1334,0.246,0
2026-02-21,Itanagar Rural,Arunachal Pradesh,27.1,93.62,26.12,0,9.25,6.53,5.49,139.3,3,2645,0.712,1
2026-02-22,Itanagar Rural,Arunachal Pradesh,27.1,93.62,0.87,1,4.38,7.53,7.29,103.9,2,853,0.211,0
2026-02-23,Itanagar Rural,Arunachal Pradesh,27.1,93.62,7.98,0,6.32,6.75,5.65,120.3,1,1933,0.243,0
2026-02-24,Itanagar Rural,Arunachal Pradesh,27.1,93.62,14.11,0,6.85,7.81,7.56,100.0,2,2481,0.46,1
2026-02-25,Itanagar Rural,Arunachal Pradesh,27.1,93.62,41.34,0,5.1,7.28,5.85,60.1,3,667,0.751,1
2026-02-26,Itanagar Rural,Arunachal Pradesh,27.1,93.62,35.55,0,7.72,7.36,7.64,130.6,6,958,0.664,1
2026-02-27,Itanagar Rural,Arunachal Pradesh,27.1,93.62,7.56,0,5.56,6.61,7.83,106.2,2,2357,0.394,0
2026-02-28,Itanagar Rural,Arunachal Pradesh,27.1,93.62,2.18,0,0.68,6.58,7.27,70.6,3,422,0.351,0
2026-03-01,Itanagar Rural,Arunachal Pradesh,27.1,93.62,2.77,0,2.56,6.6,6.07,22.9,0,536,0.174,0
2026-03-02,Itanagar Rural,Arunachal Pradesh,27.1,93.62,3.84,0,4.49,6.44,2.94,126.4,3,1641,0.292,0
2026-03-03,Itanagar Rural,Arunachal Pradesh,27.1,93.62,7.62,0,4.14,6.85,6.41,107.2,2,1419,0.319,0
2026-03-04,Itanagar Rural,Arunachal Pradesh,27.1,93.62,13.31,0,6.23,7.47,7.02,150.8,1,393,0.441,0
2026-03-05,Itanagar Rural,Arunachal Pradesh,27.1,93.62,0.08,1,2.77,7.36,7.14,28.2,3,858,0.375,0
2026-03-06,Itanagar Rural,Arunachal Pradesh,27.1,93.62,8.13,0,4.43,6.69,7.87,94.1,2,2276,0.305,0
2026-03-07,Itanagar Rural,Arunachal Pradesh,27.1,93.62,3.98,0,7.55,6.62,7.77,181.3,2,970,0.361,0
2026-03-08,Itanagar Rural,Arunachal Pradesh,27.1,93.62,2.46,0,3.59,6.45,3.33,51.9,2,497,0.325,0
2026-03-09,Itanagar Rural,Arunachal Pradesh,27.1,93.62,7.02,0,4.1,7.83,7.07,181.8,4,534,0.531,1
2026-03-10,Itanagar Rural,Arunachal Pradesh,27.1,93.62,0.99,1,5.09,7.22,6.69,103.7,2,2889,0.211,0
2026-03-11,Itanagar Rural,Arunachal Pradesh,27.1,93.62,0.06,2,2.31,6.51,5.73,98.3,1,601,0.227,0
2026-03-12,Itanagar Rural,Arunachal Pradesh,27.1,93.62,1.6,3,0.5,8.09,4.25,0.0,4,1797,0.271,0
2026-03-13,Itanagar Rural,Arunachal Pradesh,27.1,93.62,3.14,0,5.98,7.48,5.8,88.4,3,1788,0.247,0
2026-03-14,Itanagar Rural,Arunachal Pradesh,27.1,93.62,1.97,1,3.08,7.32,5.39,111.4,1,1683,0.209,0
2026-03-15,Itanagar Rural,Arunachal Pradesh,27.1,93.62,1.41,2,1.92,7.45,7.37,29.0,1,782,0.252,0
2026-03-16,Itanagar Rural,Arunachal Pradesh,27.1,93.62,2.09,0,0.5,7.42,9.16,72.2,2,406,0.257,0
2026-03-17,Itanagar Rural,Arunachal Pradesh,27.1,93.62,2.35,0,4.41,7.37,7.4,146.7,3,2024,0.313,0
2026-03-18,Itanagar Rural,Arunachal Pradesh,27.1,93.62,6.02,0,7.29,6.78,7.36,110.4,2,2678,0.386,0
2026-03-19,Itanagar Rural,Arunachal Pradesh,27.1,93.62,26.01,0,5.18,6.9,6.35,112.6,1,2696,0.427,0
2026-03-20,Itanagar Rural,Arunachal Pradesh,27.1,93.62,1.26,1,5.94,7.13,5.54,111.2,2,2602,0.271,0
2026-03-21,Itanagar Rural,Arunachal Pradesh,27.1,93.62,7.07,0,1.24,7.19,9.21,63.5,2,2649,0.318,0
2026-03-22,Itanagar Rural,Arunachal Pradesh,27.1,93.62,18.61,0,3.11,7.45,7.4,29.8,2,474,0.422,0
2026-03-23,Itanagar Rural,Arunachal Pradesh,27.1,93.62,12.56,0,4.52,7.36,5.53,106.6,2,2288,0.414,0
2026-03-24,Itanagar Rural,Arunachal Pradesh,27.1,93.62,5.85,0,5.23,7.88,6.48,97.6,4,416,0.498,1
2026-03-25,Itanagar Rural,Arunachal Pradesh,27.1,93.62,2.32,0,2.88,6.41,6.0,76.4,3,2766,0.33,0
2026-03-26,Itanagar Rural,Arunachal Pradesh,27.1,93.62,0.65,1,2.25,6.93,4.7,79.8,5,2127,0.419,0
2026-03-27,Itanagar Rural,Arunachal Pradesh,27.1,93.62,11.99,0,4.23,7.71,4.96,84.4,0,1130,0.233,0
2026-03-28,Itanagar Rural,Arunachal Pradesh,27.1,93.62,4.38,0,3.26,6.96,8.05,55.2,2,2037,0.29,0
2026-03-29,Itanagar Rural,Arunachal Pradesh,27.1,93.62,20.98,0,5.3,6.61,5.52,98.3,2,1979,0.463,1
2026-03-30,Itanagar Rural,Arunachal Pradesh,27.1,93.62,4.9,0,7.13,6.97,6.72,53.3,1,1963,0.249,0
2026-03-31,Itanagar Rural,Arunachal Pradesh,27.1,93.62,1.26,1,2.56,7.25,4.7,55.3,2,1284,0.242,0
2026-04-01,Itanagar Rural,Arunachal Pradesh,27.1,93.62,6.74,0,3.41,7.21,8.64,132.2,1,1663,0.281,0
2026-04-02,Itanagar Rural,Arunachal Pradesh,27.1,93.62,23.98,0,4.48,7.06,8.8,80.2,0,793,0.362,0
2026-04-03,Itanagar Rural,Arunachal Pradesh,27.1,93.62,3.57,0,4.65,6.61,6.81,77.3,3,1412,0.353,0
2026-04-04,Itanagar Rural,Arunachal Pradesh,27.1,93.62,14.57,0,4.15,5.48,5.11,112.8,2,2512,0.391,0
2026-04-05,Itanagar Rural,Arunachal Pradesh,27.1,93.62,10.83,0,5.35,6.31,6.0,164.2,1,433,0.265,0
2026-04-06,Itanagar Rural,Arunachal Pradesh,27.1,93.62,12.41,0,3.13,6.43,7.23,46.5,4,2831,0.517,1
2026-04-07,Itanagar Rural,Arunachal Pradesh,27.1,93.62,8.19,0,3.78,7.65,5.08,90.4,1,1700,0.334,0
2026-04-08,Itanagar Rural,Arunachal Pradesh,27.1,93.62,6.95,0,5.73,7.23,4.0,60.0,5,1615,0.542,1
2026-04-09,Itanagar Rural,Arunachal Pradesh,27.1,93.62,10.3,0,9.33,6.4,7.8,103.0,3,2396,0.56,1
2026-04-10,Itanagar Rural,Arunachal Pradesh,27.1,93.62,0.53,1,3.34,7.41,4.71,74.3,2,2444,0.194,0
2026-04-11,Itanagar Rural,Arunachal Pradesh,27.1,93.62,1.52,2,1.43,6.11,6.14,111.0,0,2632,0.149,0
2026-04-12,Itanagar Rural,Arunachal Pradesh,27.1,93.62,0.08,3,2.75,6.95,6.78,7.2,5,1561,0.291,0
2026-04-13,Itanagar Rural,Arunachal Pradesh,27.1,93.62,0.76,4,4.41,7.32,7.18,57.4,3,2064,0.218,0
2026-04-14,Itanagar Rural,Arunachal Pradesh,27.1,93.62,1.36,5,1.4,7.42,7.4,79.8,2,2858,0.173,0
2026-04-15,Itanagar Rural,Arunachal Pradesh,27.1,93.62,0.89,6,4.19,7.65,5.81,79.0,2,1592,0.124,0
2026-04-16,Itanagar Rural,Arunachal Pradesh,27.1,93.62,7.53,0,4.47,6.67,5.02,67.4,1,2650,0.32,0
2026-04-17,Itanagar Rural,Arunachal Pradesh,27.1,93.62,5.38,0,4.98,6.85,7.14,20.5,0,521,0.259,0
2026-04-18,Itanagar Rural,Arunachal Pradesh,27.1,93.62,16.9,0,7.65,6.22,8.25,147.6,1,2712,0.548,1
2026-04-19,Itanagar Rural,Arunachal Pradesh,27.1,93.62,6.07,0,4.24,6.64,6.87,98.0,2,2351,0.212,0
2026-04-20,Itanagar Rural,Arunachal Pradesh,27.1,93.62,12.75,0,3.44,6.81,7.84,43.6,0,2962,0.265,0
2026-04-21,Itanagar Rural,Arunachal Pradesh,27.1,93.62,3.65,0,1.97,6.9,7.84,90.0,1,964,0.182,0
2026-04-22,Itanagar Rural,Arunachal Pradesh,27.1,93.62,4.84,0,4.44,7.28,7.43,137.1,5,2424,0.451,1
2026-04-23,Itanagar Rural,Arunachal Pradesh,27.1,93.62,3.53,0,3.77,6.38,9.29,77.2,2,1261,0.281,0
2026-04-24,Itanagar Rural,Arunachal Pradesh,27.1,93.62,2.28,0,5.49,7.3,6.74,102.3,3,683,0.39,0
2026-04-25,Itanagar Rural,Arunachal Pradesh,27.1,93.62,5.01,0,6.6,7.54,7.2,162.9,2,1378,0.372,0
2026-04-26,Itanagar Rural,Arunachal Pradesh,27.1,93.62,14.63,0,6.38,7.17,4.8,76.8,1,1807,0.393,0
2026-04-27,Itanagar Rural,Arunachal Pradesh,27.1,93.62,18.52,0,2.68,7.85,6.69,59.6,2,2432,0.4,0
2026-04-28,Itanagar Rural,Arunachal Pradesh,27.1,93.62,6.82,0,4.12,6.79,5.45,133.6,0,1766,0.353,0
2026-04-29,Itanagar Rural,Arunachal Pradesh,27.1,93.62,1.79,1,4.8,8.09,6.58,27.4,2,2790,0.25,0
2026-04-30,Itanagar Rural,Arunachal Pradesh,27.1,93.62,10.3,0,7.33,7.14,6.74,60.5,1,1644,0.422,0
2026-05-01,Itanagar Rural,Arunachal Pradesh,27.1,93.62,4.58,0,2.92,6.8,6.48,111.4,3,1001,0.378,0
2026-05-02,Itanagar Rural,Arunachal Pradesh,27.1,93.62,1.46,1,3.91,6.59,4.31,113.0,5,2714,0.347,0
2026-05-03,Itanagar Rural,Arunachal Pradesh,27.1,93.62,1.58,2,3.7,7.26,8.31,44.8,2,763,0.198,0
2026-05-04,Itanagar Rural,Arunachal Pradesh,27.1,93.62,5.77,0,2.74,7.15,4.98,40.5,1,2494,0.251,0
2026-05-05,Itanagar Rural,Arunachal Pradesh,27.1,93.62,1.11,1,3.9,6.41,5.01,121.9,2,457,0.359,0
2026-05-06,Itanagar Rural,Arunachal Pradesh,27.1,93.62,2.07,0,4.68,6.44,6.01,31.8,0,868,0.272,0
2026-05-07,Itanagar Rural,Arunachal Pradesh,27.1,93.62,12.28,0,3.9,6.65,8.33,98.3,1,648,0.297,0
2026-05-08,Itanagar Rural,Arunachal Pradesh,27.1,93.62,3.55,0,2.66,7.58,4.97,75.4,0,1647,0.174,0
2026-05-09,Itanagar Rural,Arunachal Pradesh,27.1,93.62,10.27,0,3.95,7.48,7.47,93.9,3,1613,0.415,0
2026-05-10,Itanagar Rural,Arunachal Pradesh,27.1,93.62,0.75,1,1.03,6.4,7.0,112.4,3,1106,0.233,0
2026-05-11,Itanagar Rural,Arunachal Pradesh,27.1,93.62,24.07,0,6.48,6.32,6.27,77.6,2,2186,0.481,1
2026-05-12,Itanagar Rural,Arunachal Pradesh,27.1,93.62,5.71,0,4.89,7.5,9.02,93.2,1,501,0.338,0
2026-05-13,Itanagar Rural,Arunachal Pradesh,27.1,93.62,10.4,0,1.37,6.89,7.65,50.0,1,1752,0.272,0
2026-05-14,Itanagar Rural,Arunachal Pradesh,27.1,93.62,1.78,1,2.95,7.32,6.89,68.3,2,1362,0.248,0
2026-05-15,Itanagar Rural,Arunachal Pradesh,27.1,93.62,1.82,2,4.78,6.72,7.6,106.1,2,705,0.282,0
2026-05-16,Itanagar Rural,Arunachal Pradesh,27.1,93.62,2.48,0,2.96,7.32,6.11,78.8,1,2088,0.211,0
2026-05-17,Itanagar Rural,Arunachal Pradesh,27.1,93.62,8.89,0,6.64,6.99,5.95,106.4,0,724,0.373,0
2026-05-18,Itanagar Rural,Arunachal Pradesh,27.1,93.62,2.92,0,6.45,7.08,8.59,101.9,0,984,0.217,0
2026-05-19,Itanagar Rural,Arunachal Pradesh,27.1,93.62,2.58,0,0.5,7.0,6.58,78.4,1,1567,0.189,0
2026-05-20,Itanagar Rural,Arunachal Pradesh,27.1,93.62,14.03,0,3.22,7.16,6.55,57.4,0,2577,0.292,0
2026-05-21,Itanagar Rural,Arunachal Pradesh,27.1,93.62,1.9,1,5.75,7.6,7.57,104.1,3,2751,0.297,0
2026-05-22,Itanagar Rural,Arunachal Pradesh,27.1,93.62,11.61,0,6.04,7.79,4.56,143.1,1,1346,0.344,0
2026-05-23,Itanagar Rural,Arunachal Pradesh,27.1,93.62,4.67,0,4.03,6.19,6.75,46.6,1,1269,0.251,0
2026-05-24,Itanagar Rural,Arunachal Pradesh,27.1,93.62,9.47,0,9.09,6.8,7.7,138.8,2,804,0.438,0
2026-05-25,Itanagar Rural,Arunachal Pradesh,27.1,93.62,6.68,0,6.0,6.12,4.24,139.5,5,2928,0.615,1
2026-05-26,Itanagar Rural,Arunachal Pradesh,27.1,93.62,36.5,0,7.9,7.23,5.55,155.1,3,316,0.682,1
2026-05-27,Itanagar Rural,Arunachal Pradesh,27.1,93.62,12.9,0,8.09,6.97,5.13,108.5,3,672,0.484,1
2026-05-28,Itanagar Rural,Arunachal Pradesh,27.1,93.62,9.98,0,2.86,6.25,6.55,63.4,5,2898,0.533,1
2026-05-29,Itanagar Rural,Arunachal Pradesh,27.1,93.62,2.25,0,3.38,7.14,7.32,69.5,3,2390,0.358,0
2026-05-30,Itanagar Rural,Arunachal Pradesh,27.1,93.62,1.3,1,3.66,6.49,6.02,56.7,3,2304,0.32,0
2026-05-31,Itanagar Rural,Arunachal Pradesh,27.1,93.62,0.42,2,0.56,6.91,4.66,16.8,0,1102,0.156,0
2026-06-01,Itanagar Rural,Arunachal Pradesh,27.1,93.62,7.85,0,4.65,6.75,5.44,137.4,2,962,0.356,0
2026-06-02,Itanagar Rural,Arunachal Pradesh,27.1,93.62,64.12,0,12.03,7.04,7.06,107.2,3,2802,0.871,1
2026-06-03,Itanagar Rural,Arunachal Pradesh,27.1,93.62,15.97,0,9.67,7.18,6.14,113.6,1,1145,0.501,1
2026-06-04,Itanagar Rural,Arunachal Pradesh,27.1,93.62,23.69,0,8.97,6.96,6.82,129.3,3,2593,0.576,1
2026-06-05,Itanagar Rural,Arunachal Pradesh,27.1,93.62,29.78,0,9.49,6.53,7.17,185.7,0,878,0.52,1
2026-06-06,Itanagar Rural,Arunachal Pradesh,27.1,93.62,68.91,0,12.29,5.55,6.63,116.9,6,1310,0.992,1
2026-06-07,Itanagar Rural,Arunachal Pradesh,27.1,93.62,8.0,0,3.17,7.56,5.44,88.0,1,1281,0.318,0
2026-06-08,Itanagar Rural,Arunachal Pradesh,27.1,93.62,45.9,0,4.51,7.27,5.59,112.3,1,702,0.661,1
2026-06-09,Itanagar Rural,Arunachal Pradesh,27.1,93.62,5.42,0,4.29,6.76,5.35,119.9,4,1236,0.353,0
2026-06-10,Itanagar Rural,Arunachal Pradesh,27.1,93.62,6.74,0,2.8,8.25,5.42,109.1,1,713,0.343,0
2026-06-11,Itanagar Rural,Arunachal Pradesh,27.1,93.62,10.87,0,5.34,7.31,5.71,95.0,1,2376,0.283,0
2026-06-12,Itanagar Rural,Arunachal Pradesh,27.1,93.62,21.21,0,5.3,6.08,7.42,82.3,3,1770,0.562,1
2026-06-13,Itanagar Rural,Arunachal Pradesh,27.1,93.62,2.24,0,2.9,6.78,6.92,71.6,0,1615,0.201,0
2026-06-14,Itanagar Rural,Arunachal Pradesh,27.1,93.62,21.68,0,7.63,7.51,8.57,132.8,6,832,0.745,1
2026-06-15,Itanagar Rural,Arunachal Pradesh,27.1,93.62,20.5,0,8.39,5.94,4.41,102.2,1,1442,0.487,1
2026-06-16,Itanagar Rural,Arunachal Pradesh,27.1,93.62,23.1,0,8.02,7.32,6.89,140.1,2,698,0.587,1
2026-06-17,Itanagar Rural,Arunachal Pradesh,27.1,93.62,6.75,0,4.41,6.7,5.16,112.5,0,1772,0.241,0
2026-06-18,Itanagar Rural,Arunachal Pradesh,27.1,93.62,37.89,0,6.77,7.03,7.02,101.4,2,666,0.663,1
2026-06-19,Itanagar Rural,Arunachal Pradesh,27.1,93.62,28.81,0,4.29,8.05,5.02,113.0,4,940,0.624,1
2026-06-20,Itanagar Rural,Arunachal Pradesh,27.1,93.62,11.14,0,3.62,8.12,7.31,95.4,3,2849,0.4,0
2026-06-21,Itanagar Rural,Arunachal Pradesh,27.1,93.62,4.15,0,5.85,7.53,7.82,165.1,0,542,0.314,0
2026-06-22,Itanagar Rural,Arunachal Pradesh,27.1,93.62,14.66,0,5.86,6.72,8.06,73.1,1,1853,0.401,0
2026-06-23,Itanagar Rural,Arunachal Pradesh,27.1,93.62,45.02,0,10.38,6.93,5.3,133.1,2,1523,0.793,1
2026-06-24,Itanagar Rural,Arunachal Pradesh,27.1,93.62,5.0,0,3.55,8.56,5.16,80.2,1,854,0.272,0
2026-06-25,Itanagar Rural,Arunachal Pradesh,27.1,93.62,60.25,0,7.21,6.89,6.64,70.2,1,2795,0.845,1
2026-06-26,Itanagar Rural,Arunachal Pradesh,27.1,93.62,3.16,0,7.3,6.3,7.6,119.9,1,2882,0.371,0
2026-06-27,Itanagar Rural,Arunachal Pradesh,27.1,93.62,48.09,0,8.99,7.33,7.86,111.8,2,2984,0.848,1
2026-06-28,Itanagar Rural,Arunachal Pradesh,27.1,93.62,3.49,0,5.19,6.65,5.54,134.9,0,1958,0.195,0
2026-06-29,Itanagar Rural,Arunachal Pradesh,27.1,93.62,2.64,0,1.36,7.12,7.57,55.2,2,1754,0.3,0
